[
{
  "_id": {
    "$oid": "5cadd7e83906cd001a7df29e"
  },
  "name": "BasicAuth",
  "username": "1100012580",
  "password": "85FC3690319455CD",
  "serviceProviderId": "5cadbd753906cd001a7def8c",
  "createdAt": {
    "$date": "2019-04-10T11:47:52.835Z"
  },
  "updatedAt": {
    "$date": "2019-04-10T11:47:52.835Z"
  },
  "__v": 0
}
,
{
  "_id": {
    "$oid": "5caf178a3906cd001a7df82f"
  },
  "name": "BasicAuth",
  "username": "user",
  "password": "pass",
  "serviceProviderId": "5caf16ae3906cd001a7df82a",
  "createdAt": {
    "$date": "2019-04-11T10:31:38.608Z"
  },
  "updatedAt": {
    "$date": "2019-04-11T10:31:38.608Z"
  },
  "__v": 0
}
,
{
  "_id": {
    "$oid": "5cb092ce3906cd001a7dfd82"
  },
  "name": "BasicAuth",
  "username": "Suren.Nathan@synchronoss.com",
  "password": "accac18c",
  "serviceProviderId": "5cb092283906cd001a7dfd7b",
  "createdAt": {
    "$date": "2019-04-12T13:29:50.506Z"
  },
  "updatedAt": {
    "$date": "2019-04-12T13:29:50.506Z"
  },
  "__v": 0
}
,
{
  "_id": {
    "$oid": "5cde6acbfc21d0001a1ec754"
  },
  "name": "BasicAuth",
  "username": "ACc41d50128c15524d609294be407e6f0a",
  "password": "8edcd80c980ba008ebed91253bc78b3e",
  "serviceProviderId": "5cde628bfc21d0001a1ec71f",
  "createdAt": {
    "$date": "2019-05-17T08:03:23.575Z"
  },
  "updatedAt": {
    "$date": "2019-05-17T08:03:23.575Z"
  },
  "__v": 0
}
]
