[
{
  "_id": {
    "$oid": "5caf09a23906cd001a7df801"
  },
  "mode": "visual",
  "mapping": "5caeee483906cd001a7df6b6",
  "inputs": [
    {
      "_id": {
        "$oid": "5caf09a23906cd001a7df802"
      },
      "name": "input",
      "variableType": "Property",
      "variableSubType": "String"
    }
  ],
  "outputs": [
    {
      "_id": {
        "$oid": "5caf09a23906cd001a7df803"
      },
      "name": "output",
      "variableType": "Property",
      "variableSubType": "String"
    }
  ],
  "code": "output = input.toString()",
  "blocklyModel": "<xml xmlns=\"http://www.w3.org/1999/xhtml\"><variables></variables><block type=\"output\" id=\"nvfh4P6]]i:HmnTA,Pn@\" x=\"-321\" y=\"92\"><value name=\"output\"><block type=\"text_join\" id=\"-K$Ca~LGT0/0{rXaI7VV\"><mutation items=\"1\"></mutation><value name=\"ADD0\"><block type=\"input\" id=\"Kx|.mbFX|z?GE+)j1r9U\"></block></value></block></value></block></xml>",
  "name": "transform",
  "createdAt": {
    "$date": "2019-04-11T09:32:18.928Z"
  },
  "updatedAt": {
    "$date": "2019-04-11T09:32:18.928Z"
  },
  "__v": 0
}
,
{
  "_id": {
    "$oid": "5cb4453a793a6a001a665bdd"
  },
  "mode": "visual",
  "mapping": "5cb443b6793a6a001a665ba4",
  "inputs": [],
  "outputs": [
    {
      "_id": {
        "$oid": "5cb4453a793a6a001a665bde"
      },
      "name": "output",
      "variableType": "Property",
      "variableSubType": "String"
    }
  ],
  "code": "output = 'servicequal'",
  "blocklyModel": "<xml xmlns=\"http://www.w3.org/1999/xhtml\"><variables></variables><block type=\"output\" id=\"ezb6DnK.k01T2!ux,~jE\" x=\"207\" y=\"97\"><value name=\"output\"><block type=\"text\" id=\"TG!Tf`O7NZwz##lwIx94\"><field name=\"TEXT\">servicequal</field></block></value></block></xml>",
  "name": "SetPathName",
  "createdAt": {
    "$date": "2019-04-15T08:47:54.545Z"
  },
  "updatedAt": {
    "$date": "2019-04-15T08:47:54.545Z"
  },
  "__v": 0
}
,
{
  "_id": {
    "$oid": "5cb446c2793a6a001a665c21"
  },
  "mode": "visual",
  "mapping": "5cb4462e793a6a001a665c07",
  "inputs": [
    {
      "_id": {
        "$oid": "5cb59bd3793a6a001a66680f"
      },
      "name": "input",
      "variableType": "Property",
      "variableSubType": "String"
    }
  ],
  "outputs": [
    {
      "_id": {
        "$oid": "5cb59bd3793a6a001a666810"
      },
      "name": "output",
      "variableType": "Property",
      "variableSubType": "String"
    }
  ],
  "code": "output = 'creditcheck'",
  "blocklyModel": "<xml xmlns=\"http://www.w3.org/1999/xhtml\"><variables></variables><block type=\"output\" id=\"Iv(`isq/j+Gct!jDeguM\" x=\"247\" y=\"74\"><value name=\"output\"><block type=\"text\" id=\"`3}DR70j${pvB9LW6zaG\"><field name=\"TEXT\">creditcheck</field></block></value></block></xml>",
  "name": "SetPath",
  "createdAt": {
    "$date": "2019-04-15T08:54:26.322Z"
  },
  "updatedAt": {
    "$date": "2019-04-16T09:09:39.015Z"
  },
  "__v": 1
}
,
{
  "_id": {
    "$oid": "5cb44774793a6a001a665c5a"
  },
  "mode": "visual",
  "mapping": "5cb44719793a6a001a665c34",
  "inputs": [],
  "outputs": [
    {
      "_id": {
        "$oid": "5cb44774793a6a001a665c5b"
      },
      "name": "output",
      "variableType": "Property",
      "variableSubType": "String"
    }
  ],
  "code": "output = 'order'",
  "blocklyModel": "<xml xmlns=\"http://www.w3.org/1999/xhtml\"><variables></variables><block type=\"output\" id=\"bvn4r8za3gQz~^?`Y$5?\" x=\"219\" y=\"68\"><value name=\"output\"><block type=\"text\" id=\"`J0!PM_/EN;XNBX#V|Vs\"><field name=\"TEXT\">order</field></block></value></block></xml>",
  "name": "setPath",
  "createdAt": {
    "$date": "2019-04-15T08:57:24.108Z"
  },
  "updatedAt": {
    "$date": "2019-04-15T08:57:24.108Z"
  },
  "__v": 0
}
,
{
  "_id": {
    "$oid": "5cb4481c793a6a001a665c85"
  },
  "mode": "visual",
  "mapping": "5cb447a4793a6a001a665c6a",
  "inputs": [],
  "outputs": [
    {
      "_id": {
        "$oid": "5cb4481c793a6a001a665c86"
      },
      "name": "output",
      "variableType": "Property",
      "variableSubType": "String"
    }
  ],
  "code": "output = 'inventory'",
  "blocklyModel": "<xml xmlns=\"http://www.w3.org/1999/xhtml\"><variables></variables><block type=\"output\" id=\";fSnc^7p^j:cK1)x3UF8\" x=\"229\" y=\"79\"><value name=\"output\"><block type=\"text\" id=\"3`~U^ZRlym:?d;FA9=o[\"><field name=\"TEXT\">inventory</field></block></value></block></xml>",
  "name": "InventorySetPath",
  "createdAt": {
    "$date": "2019-04-15T09:00:12.993Z"
  },
  "updatedAt": {
    "$date": "2019-04-15T09:00:12.993Z"
  },
  "__v": 0
}
,
{
  "_id": {
    "$oid": "5cb44d8a793a6a001a665ce3"
  },
  "mode": "visual",
  "mapping": "5cb4490d793a6a001a665cad",
  "inputs": [],
  "outputs": [
    {
      "_id": {
        "$oid": "5cb44d8a793a6a001a665ce4"
      },
      "name": "output",
      "variableType": "Property",
      "variableSubType": "String"
    }
  ],
  "code": "output = 'rateplan'",
  "blocklyModel": "<xml xmlns=\"http://www.w3.org/1999/xhtml\"><variables></variables><block type=\"output\" id=\"U(-03~x{{qo5Y)k)vX={\" x=\"300\" y=\"107\"><value name=\"output\"><block type=\"text\" id=\"J2G;;vwq?{!F6W++(.X1\"><field name=\"TEXT\">rateplan</field></block></value></block></xml>",
  "name": "rateplanSetPath",
  "createdAt": {
    "$date": "2019-04-15T09:23:22.824Z"
  },
  "updatedAt": {
    "$date": "2019-04-15T09:23:22.824Z"
  },
  "__v": 0
}
,
{
  "_id": {
    "$oid": "5cb44e18793a6a001a665cf9"
  },
  "mode": "visual",
  "mapping": "5cb44dcc793a6a001a665cf5",
  "inputs": [],
  "outputs": [
    {
      "_id": {
        "$oid": "5cb44e18793a6a001a665cfa"
      },
      "name": "output",
      "variableType": "Property",
      "variableSubType": "String"
    }
  ],
  "code": "output = 'wireless'",
  "blocklyModel": "<xml xmlns=\"http://www.w3.org/1999/xhtml\"><variables></variables><block type=\"output\" id=\"$~0~2Fec8;(XR8=620wA\" x=\"260\" y=\"83\"><value name=\"output\"><block type=\"text\" id=\"0m=e~5dJwV$[3GYF2X#!\"><field name=\"TEXT\">wireless</field></block></value></block></xml>",
  "name": "wirelessSetPath",
  "createdAt": {
    "$date": "2019-04-15T09:25:44.308Z"
  },
  "updatedAt": {
    "$date": "2019-04-15T09:25:44.308Z"
  },
  "__v": 0
}
,
{
  "_id": {
    "$oid": "5cb44e86793a6a001a665d07"
  },
  "mode": "visual",
  "mapping": "5cb44e32793a6a001a665d04",
  "inputs": [],
  "outputs": [
    {
      "_id": {
        "$oid": "5cb44e86793a6a001a665d08"
      },
      "name": "output",
      "variableType": "Property",
      "variableSubType": "String"
    }
  ],
  "code": "output = 'marketplace'",
  "blocklyModel": "<xml xmlns=\"http://www.w3.org/1999/xhtml\"><variables></variables><block type=\"output\" id=\"yp[A(}nB4:d`W@w3RBIz\" x=\"220\" y=\"82\"><value name=\"output\"><block type=\"text\" id=\"QAF;1LRL%8ehQb]qRM(C\"><field name=\"TEXT\">marketplace</field></block></value></block></xml>",
  "name": "marketSetPath",
  "createdAt": {
    "$date": "2019-04-15T09:27:34.517Z"
  },
  "updatedAt": {
    "$date": "2019-04-15T09:27:34.517Z"
  },
  "__v": 0
}
,
{
  "_id": {
    "$oid": "5cb457c5793a6a001a665d43"
  },
  "mode": "manual",
  "mapping": "5cb457c5793a6a001a665d41",
  "inputs": [
    {
      "_id": {
        "$oid": "5cb6d7d1793a6a001a667923"
      },
      "name": "input",
      "variableType": "Property",
      "variableSubType": "String"
    }
  ],
  "outputs": [
    {
      "_id": {
        "$oid": "5cb6d7d1793a6a001a667924"
      },
      "name": "output",
      "variableType": "Property",
      "variableSubType": "Boolean"
    }
  ],
  "code": "if (input == 'Y') {\n    output = true\n} else if (input == 'N') {\n    output = false\n}",
  "blocklyModel": "",
  "name": "stringtoBoolean",
  "createdAt": {
    "$date": "2019-04-15T10:07:01.913Z"
  },
  "updatedAt": {
    "$date": "2019-04-17T07:37:53.623Z"
  },
  "__v": 1
}
,
{
  "_id": {
    "$oid": "5cb5908b793a6a001a6667a1"
  },
  "mode": "visual",
  "mapping": "5cb58901793a6a001a666614",
  "inputs": [
    {
      "_id": {
        "$oid": "5cb5908b793a6a001a6667a2"
      },
      "name": "input",
      "variableType": "Property",
      "variableSubType": "String"
    }
  ],
  "outputs": [
    {
      "_id": {
        "$oid": "5cb5908b793a6a001a6667a3"
      },
      "name": "output1",
      "variableType": "Property",
      "variableSubType": "String"
    }
  ],
  "code": "output1 = 'servicequal'",
  "blocklyModel": "<xml xmlns=\"http://www.w3.org/1999/xhtml\"><variables></variables><block type=\"output1\" id=\"3H7C28-y82L?bhS3CNmB\" x=\"16\" y=\"10\"><value name=\"output\"><block type=\"text\" id=\"|@`@C2m^K7-Au)~^hy0%\"><field name=\"TEXT\">servicequal</field></block></value></block></xml>",
  "name": "setServicequal",
  "createdAt": {
    "$date": "2019-04-16T08:21:32.007Z"
  },
  "updatedAt": {
    "$date": "2019-04-16T08:21:32.007Z"
  },
  "__v": 0
}
,
{
  "_id": {
    "$oid": "5cc191eb1f059b001ad11c99"
  },
  "mode": "visual",
  "mapping": "5cb6f64c793a6a001a667a14",
  "inputs": [
    {
      "_id": {
        "$oid": "5cc191eb1f059b001ad11c9a"
      },
      "name": "input1",
      "variableType": "Property",
      "variableSubType": "Number"
    }
  ],
  "outputs": [
    {
      "_id": {
        "$oid": "5cc191eb1f059b001ad11c9b"
      },
      "name": "output1",
      "variableType": "Property",
      "variableSubType": "String"
    }
  ],
  "code": "output1 = input1.toString()",
  "blocklyModel": "<xml xmlns=\"http://www.w3.org/1999/xhtml\"><variables></variables><block type=\"output1\" id=\"NR}qveg8`C=KRGqnEUkT\" x=\"301\" y=\"122\"><value name=\"output\"><block type=\"text_join\" id=\"^MwO4td^fF5}T.cGz]yh\"><mutation items=\"1\"></mutation><value name=\"ADD0\"><block type=\"input1\" id=\"RO$5,E_g%juOPsgsry^T\"></block></value></block></value></block></xml>",
  "name": "ConvertToString",
  "createdAt": {
    "$date": "2019-04-25T10:54:35.518Z"
  },
  "updatedAt": {
    "$date": "2019-04-25T10:54:35.518Z"
  },
  "__v": 0
}
,
{
  "_id": {
    "$oid": "5cdac2ba6ee483001a42d41d"
  },
  "mode": "visual",
  "mapping": "5caf181d3906cd001a7df837",
  "inputs": [
    {
      "_id": {
        "$oid": "5cdac2ba6ee483001a42d41e"
      },
      "name": "input1",
      "variableType": "Property",
      "variableSubType": "String"
    }
  ],
  "outputs": [
    {
      "_id": {
        "$oid": "5cdac2ba6ee483001a42d41f"
      },
      "name": "output1",
      "variableType": "Property",
      "variableSubType": "String"
    }
  ],
  "code": "output1 = input1[0..1].toString() + input1[3..4].toString()",
  "blocklyModel": "<xml xmlns=\"http://www.w3.org/1999/xhtml\"><variables></variables><block type=\"output1\" id=\"^;Fr4FBfqc^bPa472VGj\" x=\"144\" y=\"75\"><value name=\"output\"><block type=\"text_join\" id=\"rJ=ncc-I8Q%s[=IkSxEh\"><mutation items=\"2\"></mutation><value name=\"ADD0\"><block type=\"text_getSubstring\" id=\"+_9z3Yycjy/CB3seS}DF\"><mutation at1=\"false\" at2=\"true\"></mutation><field name=\"WHERE1\">FIRST</field><field name=\"WHERE2\">FROM_START</field><value name=\"STRING\"><block type=\"input1\" id=\"){bS@px!UqaCdJT1lRkX\"></block></value><value name=\"AT2\"><block type=\"math_number\" id=\"4ybA[y;5^r^X|Vm%xkv|\"><field name=\"NUM\">2</field></block></value></block></value><value name=\"ADD1\"><block type=\"text_getSubstring\" id=\"4gka44O4Ki.i@7vfc6P%\"><mutation at1=\"true\" at2=\"true\"></mutation><field name=\"WHERE1\">FROM_START</field><field name=\"WHERE2\">FROM_START</field><value name=\"STRING\"><block type=\"input1\" id=\"cR_QLtFLsKX34D$`+wU.\"></block></value><value name=\"AT1\"><block type=\"math_number\" id=\"]3Jr8jd?f(LQkSMO^Rs}\"><field name=\"NUM\">4</field></block></value><value name=\"AT2\"><block type=\"math_number\" id=\"1$3.m#7zsu9)9cYR4Jq=\"><field name=\"NUM\">5</field></block></value></block></value></block></value></block></xml>",
  "name": "GetExpirationDate",
  "createdAt": {
    "$date": "2019-05-14T13:29:30.813Z"
  },
  "updatedAt": {
    "$date": "2019-05-14T13:29:30.813Z"
  },
  "__v": 0
}
]
