[
{
  "_id": {
    "$oid": "5cb57fb9793a6a001a666532"
  },
  "default": null,
  "name": "English - United Kingdom",
  "description": null,
  "code": "en-GB",
  "channels": [
    {
      "channel": "master",
      "translations": [
        {
          "_id": {
            "$oid": "5cb57ff8793a6a001a666535"
          },
          "key": "5caca6213906cd001a7de4bf",
          "provider": "pdm",
          "values": {
            "label": "Email Address",
            "error": "Please enter valid Email address"
          },
          "channel": "master"
        },
        {
          "_id": {
            "$oid": "5cb57ff8793a6a001a666536"
          },
          "key": "5caca62e3906cd001a7de4c1",
          "provider": "pdm",
          "values": {
            "label": "Password",
            "error": "Please enter Password"
          },
          "channel": "master"
        },
        {
          "_id": {
            "$oid": "5cb57ff8793a6a001a666537"
          },
          "key": "5caca6513906cd001a7de4c5",
          "provider": "pdm",
          "values": {
            "label": "Connect to Live API"
          },
          "channel": "master"
        },
        {
          "_id": {
            "$oid": "5cb58eef793a6a001a66674e"
          },
          "key": "5cadbbef3906cd001a7def3a",
          "provider": "pdm",
          "values": {
            "label": "First Name",
            "error": "First Name is required"
          },
          "channel": "master"
        },
        {
          "_id": {
            "$oid": "5cb58eef793a6a001a66674f"
          },
          "key": "5cadbbfa3906cd001a7def40",
          "provider": "pdm",
          "values": {
            "label": "Last Name",
            "error": "Last Name is required"
          },
          "channel": "master"
        },
        {
          "_id": {
            "$oid": "5cb58eef793a6a001a666753"
          },
          "key": "5cadbc443906cd001a7def4f",
          "provider": "pdm",
          "values": {
            "label": "Email address",
            "error": "Please enter valid Email address"
          },
          "channel": "master"
        },
        {
          "_id": {
            "$oid": "5cb58eef793a6a001a666754"
          },
          "key": "5cadbc9f3906cd001a7def5e",
          "provider": "pdm",
          "values": {
            "label": "Street",
            "error": "Street is required"
          },
          "channel": "master"
        },
        {
          "_id": {
            "$oid": "5cb58eef793a6a001a666755"
          },
          "key": "5cadbcb03906cd001a7def63",
          "provider": "pdm",
          "values": {
            "label": "City",
            "error": "City is required"
          },
          "channel": "master"
        },
        {
          "_id": {
            "$oid": "5cb58eef793a6a001a666756"
          },
          "key": "5cadbcbe3906cd001a7def68",
          "provider": "pdm",
          "values": {
            "label": "State",
            "error": "State is required",
            "defaultValue": ""
          },
          "channel": "master"
        },
        {
          "_id": {
            "$oid": "5cb58eef793a6a001a666757"
          },
          "key": "5cadbcd23906cd001a7def6b",
          "provider": "pdm",
          "values": {
            "label": "Zip Code",
            "error": "Please enter valid Zip Code"
          },
          "channel": "master"
        },
        {
          "_id": {
            "$oid": "5cb58eef793a6a001a666759"
          },
          "key": "5cadbdea3906cd001a7defaa",
          "provider": "pdm",
          "values": {
            "label": "First Option Date MM/DD/YYYY,  hh:mm ",
            "error": "First Option Date is required"
          },
          "channel": "master"
        },
        {
          "_id": {
            "$oid": "5cb58eef793a6a001a66675a"
          },
          "key": "5cadbeae3906cd001a7defcb",
          "provider": "pdm",
          "values": {
            "label": "Total One-Time Charges"
          },
          "channel": "master"
        },
        {
          "_id": {
            "$oid": "5cb58eef793a6a001a66675b"
          },
          "key": "5cadc5c53906cd001a7df0f7",
          "provider": "pdm",
          "values": {
            "label": "I want to participate."
          },
          "channel": "master"
        },
        {
          "_id": {
            "$oid": "5cb58eef793a6a001a66675c"
          },
          "key": "5cadc6583906cd001a7df106",
          "provider": "pdm",
          "values": {
            "label": "Please tell us about your experience so far",
            "error": "Please enter your comment"
          },
          "channel": "master"
        },
        {
          "_id": {
            "$oid": "5cb58eef793a6a001a66675d"
          },
          "key": "5cadc6673906cd001a7df108",
          "provider": "pdm",
          "values": {
            "label": "Source"
          },
          "channel": "master"
        },
        {
          "_id": {
            "$oid": "5cb58eef793a6a001a66675e"
          },
          "key": "5cadc6713906cd001a7df10a",
          "provider": "pdm",
          "values": {
            "label": "Model"
          },
          "channel": "master"
        },
        {
          "_id": {
            "$oid": "5cb58eef793a6a001a66675f"
          },
          "key": "5cadc6b23906cd001a7df112",
          "provider": "pdm",
          "values": {
            "label": "Score Status"
          },
          "channel": "master"
        },
        {
          "_id": {
            "$oid": "5cb58eef793a6a001a666760"
          },
          "key": "5cadc6cf3906cd001a7df114",
          "provider": "pdm",
          "values": {
            "label": "Score Message"
          },
          "channel": "master"
        },
        {
          "_id": {
            "$oid": "5cb58eef793a6a001a666761"
          },
          "key": "5cadc7003906cd001a7df118",
          "provider": "pdm",
          "values": {
            "label": "Valence Confidence"
          },
          "channel": "master"
        },
        {
          "_id": {
            "$oid": "5cb58eef793a6a001a666762"
          },
          "key": "5cadc7173906cd001a7df11a",
          "provider": "pdm",
          "values": {
            "label": "Primary Emotion"
          },
          "channel": "master"
        },
        {
          "_id": {
            "$oid": "5cb58eef793a6a001a666763"
          },
          "key": "5cadc72a3906cd001a7df11c",
          "provider": "pdm",
          "values": {
            "label": "Valence Direction"
          },
          "channel": "master"
        },
        {
          "_id": {
            "$oid": "5cb58eef793a6a001a666764"
          },
          "key": "5cadc7403906cd001a7df11e",
          "provider": "pdm",
          "values": {
            "label": "Primary Emotion Confidence"
          },
          "channel": "master"
        },
        {
          "_id": {
            "$oid": "5cb58eef793a6a001a666765"
          },
          "key": "5cadc7c23906cd001a7df124",
          "provider": "pdm",
          "values": {
            "label": "Select Manufacturer",
            "error": "Please select manufacturer"
          },
          "channel": "master"
        },
        {
          "_id": {
            "$oid": "5cb58eef793a6a001a666766"
          },
          "key": "5cadc8543906cd001a7df134",
          "provider": "pdm",
          "values": {
            "label": "Please Sign",
            "error": "Signature  is mandatory"
          },
          "channel": "master"
        },
        {
          "_id": {
            "$oid": "5cb58eef793a6a001a666767"
          },
          "key": "5cadc9753906cd001a7df155",
          "provider": "pdm",
          "values": {
            "label": "Does the device power on and off?",
            "error": "All the Questions were not answered"
          },
          "channel": "master"
        },
        {
          "_id": {
            "$oid": "5cb58eef793a6a001a666768"
          },
          "key": "5cadc9863906cd001a7df157",
          "provider": "pdm",
          "values": {
            "label": "Is the Activation lock turned off (e.g find my phone or reactivation lock)?",
            "error": "All the Questions were not answered"
          },
          "channel": "master"
        },
        {
          "_id": {
            "$oid": "5cb58eef793a6a001a666769"
          },
          "key": "5cadc9d93906cd001a7df166",
          "provider": "pdm",
          "values": {
            "label": "Is the screen functioning correctly and intact, free of any chips, bruised/dead pixels  or burn-in?",
            "error": "All the Questions were not answered"
          },
          "channel": "master"
        },
        {
          "_id": {
            "$oid": "5cb58eef793a6a001a66676a"
          },
          "key": "5cadc9ed3906cd001a7df172",
          "provider": "pdm",
          "values": {
            "label": "Is the Device otherwise free of breaks or cracks in the housing, keypad, hinge, or battery door?",
            "error": "All the Questions were not answered"
          },
          "channel": "master"
        },
        {
          "_id": {
            "$oid": "5cb58eef793a6a001a66676b"
          },
          "key": "5cadca033906cd001a7df176",
          "provider": "pdm",
          "values": {
            "label": "Enter IMEI or Serial Number",
            "error": "Invalid IMEI number"
          },
          "channel": "master"
        },
        {
          "_id": {
            "$oid": "5cb58eef793a6a001a66676c"
          },
          "key": "5cadca173906cd001a7df17a",
          "provider": "pdm",
          "values": {
            "label": "Mobile Number ",
            "error": "Invalid Mobile Number"
          },
          "channel": "master"
        },
        {
          "_id": {
            "$oid": "5cb58eef793a6a001a66676d"
          },
          "key": "5cadcacf3906cd001a7df199",
          "provider": "pdm",
          "values": {
            "label": "Special Offers"
          },
          "channel": "master"
        },
        {
          "_id": {
            "$oid": "5cb58eef793a6a001a66676e"
          },
          "key": "5cadcae03906cd001a7df19c",
          "provider": "pdm",
          "values": {
            "label": "local_offer"
          },
          "channel": "master"
        },
        {
          "_id": {
            "$oid": "5cb58eef793a6a001a66676f"
          },
          "key": "5cadcaf13906cd001a7df1a0",
          "provider": "pdm",
          "values": {
            "label": "Trade in and save more on the latest"
          },
          "channel": "master"
        },
        {
          "_id": {
            "$oid": "5cb58eef793a6a001a666770"
          },
          "key": "5cadcb053906cd001a7df1a4",
          "provider": "pdm",
          "values": {
            "label": "Offers selected:"
          },
          "channel": "master"
        },
        {
          "_id": {
            "$oid": "5cb58eef793a6a001a666771"
          },
          "key": "5caee8bf3906cd001a7df5e9",
          "provider": "pdm",
          "values": {
            "label": "Phone"
          },
          "channel": "master"
        },
        {
          "_id": {
            "$oid": "5cb58eef793a6a001a666772"
          },
          "key": "5caee8d23906cd001a7df5ed",
          "provider": "pdm",
          "values": {
            "label": "TV"
          },
          "channel": "master"
        },
        {
          "_id": {
            "$oid": "5cb58eef793a6a001a666773"
          },
          "key": "5caee8e33906cd001a7df5f3",
          "provider": "pdm",
          "values": {
            "label": "Internet"
          },
          "channel": "master"
        },
        {
          "_id": {
            "$oid": "5cb58eef793a6a001a666774"
          },
          "key": "5caee91d3906cd001a7df5ff.5cadcd433906cd001a7df207",
          "provider": "pdm",
          "values": {
            "label": "one-time charge"
          },
          "channel": "master"
        },
        {
          "_id": {
            "$oid": "5cb58eef793a6a001a666775"
          },
          "key": "5caeefce3906cd001a7df6e6",
          "provider": "pdm",
          "values": {
            "label": "Credit card number",
            "error": "Please enter valid Credit card number"
          },
          "channel": "master"
        },
        {
          "_id": {
            "$oid": "5cb58eef793a6a001a666776"
          },
          "key": "5caeefdc3906cd001a7df6ee",
          "provider": "pdm",
          "values": {
            "label": "Expiration Date: MM/YY",
            "error": "Please enter valid Expiration Date"
          },
          "channel": "master"
        },
        {
          "_id": {
            "$oid": "5cb58eef793a6a001a666777"
          },
          "key": "5caef0733906cd001a7df704",
          "provider": "pdm",
          "values": {
            "label": "Full name on card",
            "error": "Name on card is required"
          },
          "channel": "master"
        },
        {
          "_id": {
            "$oid": "5cb58eef793a6a001a666778"
          },
          "key": "5caf1b083906cd001a7df84c",
          "provider": "pdm",
          "values": {
            "label": "Security code (CVV)",
            "error": "Please enter valid Security code"
          },
          "channel": "master"
        },
        {
          "_id": {
            "$oid": "5cb58eef793a6a001a666779"
          },
          "key": "5caef1713906cd001a7df71c",
          "provider": "pdm",
          "values": {
            "label": "State",
            "error": "State is required"
          },
          "channel": "master"
        },
        {
          "_id": {
            "$oid": "5cb58eef793a6a001a66677a"
          },
          "key": "5caef17b3906cd001a7df71e",
          "provider": "pdm",
          "values": {
            "label": "Zip Code",
            "error": "Please enter valid Zip Code"
          },
          "channel": "master"
        },
        {
          "_id": {
            "$oid": "5cb58eef793a6a001a66677b"
          },
          "key": "5caef1863906cd001a7df720",
          "provider": "pdm",
          "values": {
            "label": "City",
            "error": "City is required"
          },
          "channel": "master"
        },
        {
          "_id": {
            "$oid": "5cb58eef793a6a001a66677c"
          },
          "key": "5caef1903906cd001a7df722",
          "provider": "pdm",
          "values": {
            "label": "Street",
            "error": "Street is required"
          },
          "channel": "master"
        },
        {
          "_id": {
            "$oid": "5cb58eef793a6a001a66677d"
          },
          "key": "5caef1e83906cd001a7df738",
          "provider": "pdm",
          "values": {
            "label": "Payment reference number is"
          },
          "channel": "master"
        },
        {
          "_id": {
            "$oid": "5cb5a2fd793a6a001a666891"
          },
          "key": "5caef21f3906cd001a7df744",
          "provider": "pdm",
          "values": {
            "label": "Same as your address"
          },
          "channel": "master"
        },
        {
          "_id": {
            "$oid": "5cb5a2fd793a6a001a666892"
          },
          "key": "5caef24c3906cd001a7df750",
          "provider": "pdm",
          "values": {
            "label": "Social Security Number (XXX-XX-XXXX)",
            "error": "Please enter valid Social Security Number"
          },
          "channel": "master"
        },
        {
          "_id": {
            "$oid": "5cb5aae6793a6a001a6669ea"
          },
          "key": "5caee1c13906cd001a7df548",
          "provider": "pdm",
          "values": {
            "defaultValue": "true"
          },
          "channel": "master"
        },
        {
          "_id": {
            "$oid": "5cb5aae6793a6a001a6669eb"
          },
          "key": "5caee1cf3906cd001a7df54a",
          "provider": "pdm",
          "values": {
            "defaultValue": "true"
          },
          "channel": "master"
        },
        {
          "_id": {
            "$oid": "5cb5aae6793a6a001a6669ec"
          },
          "key": "5caee1ea3906cd001a7df54c",
          "provider": "pdm",
          "values": {
            "defaultValue": "true"
          },
          "channel": "master"
        },
        {
          "_id": {
            "$oid": "5cb5aae6793a6a001a6669ed"
          },
          "key": "5caee1f73906cd001a7df54e",
          "provider": "pdm",
          "values": {
            "defaultValue": "true"
          },
          "channel": "master"
        },
        {
          "_id": {
            "$oid": "5cb5aae6793a6a001a6669ee"
          },
          "key": "5caee2043906cd001a7df550",
          "provider": "pdm",
          "values": {
            "defaultValue": "true"
          },
          "channel": "master"
        },
        {
          "_id": {
            "$oid": "5cb5aae6793a6a001a6669ef"
          },
          "key": "5caee2133906cd001a7df552",
          "provider": "pdm",
          "values": {
            "defaultValue": "true"
          },
          "channel": "master"
        },
        {
          "_id": {
            "$oid": "5cb5aae6793a6a001a6669f0"
          },
          "key": "5caee2203906cd001a7df554",
          "provider": "pdm",
          "values": {
            "defaultValue": "true"
          },
          "channel": "master"
        },
        {
          "_id": {
            "$oid": "5cb5aae6793a6a001a6669f1"
          },
          "key": "5caee22f3906cd001a7df556",
          "provider": "pdm",
          "values": {
            "defaultValue": "true"
          },
          "channel": "master"
        },
        {
          "_id": {
            "$oid": "5cb5aae6793a6a001a6669f2"
          },
          "key": "5caee2443906cd001a7df558",
          "provider": "pdm",
          "values": {
            "defaultValue": "true"
          },
          "channel": "master"
        },
        {
          "_id": {
            "$oid": "5cb5aae6793a6a001a6669f3"
          },
          "key": "5caee25b3906cd001a7df55a",
          "provider": "pdm",
          "values": {
            "defaultValue": "true"
          },
          "channel": "master"
        },
        {
          "_id": {
            "$oid": "5cb5aae6793a6a001a6669f4"
          },
          "key": "5caee27e3906cd001a7df55c",
          "provider": "pdm",
          "values": {
            "defaultValue": "combo"
          },
          "channel": "master"
        },
        {
          "_id": {
            "$oid": "5cb5aae6793a6a001a6669f5"
          },
          "key": "5caee28d3906cd001a7df55e",
          "provider": "pdm",
          "values": {
            "defaultValue": "true"
          },
          "channel": "master"
        },
        {
          "_id": {
            "$oid": "5cb5aae6793a6a001a6669f6"
          },
          "key": "5caee2a23906cd001a7df560",
          "provider": "pdm",
          "values": {
            "defaultValue": "true"
          },
          "channel": "master"
        },
        {
          "_id": {
            "$oid": "5cb5aae6793a6a001a6669f7"
          },
          "key": "5caee2b63906cd001a7df562",
          "provider": "pdm",
          "values": {
            "defaultValue": "true"
          },
          "channel": "master"
        },
        {
          "_id": {
            "$oid": "5cb5aae6793a6a001a6669f8"
          },
          "key": "5caee2cb3906cd001a7df564",
          "provider": "pdm",
          "values": {
            "defaultValue": "true"
          },
          "channel": "master"
        },
        {
          "_id": {
            "$oid": "5cb5aae6793a6a001a6669f9"
          },
          "key": "5caee2df3906cd001a7df566",
          "provider": "pdm",
          "values": {
            "defaultValue": "true"
          },
          "channel": "master"
        },
        {
          "_id": {
            "$oid": "5cb5aae6793a6a001a6669fa"
          },
          "key": "5caee2f93906cd001a7df568",
          "provider": "pdm",
          "values": {
            "defaultValue": "true"
          },
          "channel": "master"
        },
        {
          "_id": {
            "$oid": "5cb5aae6793a6a001a6669fb"
          },
          "key": "5caee30a3906cd001a7df56a",
          "provider": "pdm",
          "values": {
            "defaultValue": "true"
          },
          "channel": "master"
        },
        {
          "_id": {
            "$oid": "5cb5aae6793a6a001a6669fc"
          },
          "key": "5caee3203906cd001a7df56c",
          "provider": "pdm",
          "values": {
            "defaultValue": "true"
          },
          "channel": "master"
        },
        {
          "_id": {
            "$oid": "5cb5aae6793a6a001a6669fd"
          },
          "key": "5caee3313906cd001a7df56e",
          "provider": "pdm",
          "values": {
            "defaultValue": "true"
          },
          "channel": "master"
        },
        {
          "_id": {
            "$oid": "5cb5aae6793a6a001a6669fe"
          },
          "key": "5caee3443906cd001a7df570",
          "provider": "pdm",
          "values": {
            "defaultValue": "true"
          },
          "channel": "master"
        },
        {
          "_id": {
            "$oid": "5cb5aae6793a6a001a6669ff"
          },
          "key": "5caee3593906cd001a7df572",
          "provider": "pdm",
          "values": {
            "defaultValue": "true"
          },
          "channel": "master"
        },
        {
          "_id": {
            "$oid": "5cb5aae6793a6a001a666a00"
          },
          "key": "5caee36e3906cd001a7df574",
          "provider": "pdm",
          "values": {
            "defaultValue": "true"
          },
          "channel": "master"
        },
        {
          "_id": {
            "$oid": "5cb5aae6793a6a001a666a01"
          },
          "key": "5caee3853906cd001a7df576",
          "provider": "pdm",
          "values": {
            "defaultValue": "true"
          },
          "channel": "master"
        },
        {
          "_id": {
            "$oid": "5cb5aae6793a6a001a666a02"
          },
          "key": "5caee3943906cd001a7df578",
          "provider": "pdm",
          "values": {
            "defaultValue": "true"
          },
          "channel": "master"
        },
        {
          "_id": {
            "$oid": "5cb5aae6793a6a001a666a03"
          },
          "key": "5caee70b3906cd001a7df5ae",
          "provider": "pdm",
          "values": {
            "defaultValue": "true"
          },
          "channel": "master"
        },
        {
          "_id": {
            "$oid": "5cb5aae6793a6a001a666a04"
          },
          "key": "5caee83f3906cd001a7df5d5",
          "provider": "pdm",
          "values": {
            "defaultValue": "true"
          },
          "channel": "master"
        },
        {
          "_id": {
            "$oid": "5cb5aae6793a6a001a666a05"
          },
          "key": "5caee8513906cd001a7df5d9",
          "provider": "pdm",
          "values": {
            "defaultValue": "true"
          },
          "channel": "master"
        },
        {
          "_id": {
            "$oid": "5cb5aae6793a6a001a666a06"
          },
          "key": "5caee85e3906cd001a7df5db",
          "provider": "pdm",
          "values": {
            "defaultValue": "true"
          },
          "channel": "master"
        },
        {
          "_id": {
            "$oid": "5cb5aae6793a6a001a666a07"
          },
          "key": "5caee86c3906cd001a7df5dd",
          "provider": "pdm",
          "values": {
            "defaultValue": "true"
          },
          "channel": "master"
        },
        {
          "_id": {
            "$oid": "5cb5aae6793a6a001a666a08"
          },
          "key": "5caee87b3906cd001a7df5df",
          "provider": "pdm",
          "values": {
            "defaultValue": "true"
          },
          "channel": "master"
        },
        {
          "_id": {
            "$oid": "5cb5aae6793a6a001a666a09"
          },
          "key": "5caee88e3906cd001a7df5e1",
          "provider": "pdm",
          "values": {
            "defaultValue": "true"
          },
          "channel": "master"
        },
        {
          "_id": {
            "$oid": "5cb5aae6793a6a001a666a0a"
          },
          "key": "5caee8c93906cd001a7df5eb",
          "provider": "pdm",
          "values": {
            "defaultValue": "true"
          },
          "channel": "master"
        },
        {
          "_id": {
            "$oid": "5cb5aae6793a6a001a666a0b"
          },
          "key": "5caee8de3906cd001a7df5ef",
          "provider": "pdm",
          "values": {
            "defaultValue": "true"
          },
          "channel": "master"
        },
        {
          "_id": {
            "$oid": "5cb5aae6793a6a001a666a0c"
          },
          "key": "5caee8f63906cd001a7df5f5",
          "provider": "pdm",
          "values": {
            "defaultValue": "true"
          },
          "channel": "master"
        },
        {
          "_id": {
            "$oid": "5cb5aae6793a6a001a666a0d"
          },
          "key": "5caee9053906cd001a7df5fa",
          "provider": "pdm",
          "values": {
            "defaultValue": "true"
          },
          "channel": "master"
        },
        {
          "_id": {
            "$oid": "5cb5aae6793a6a001a666a0e"
          },
          "key": "5caee9193906cd001a7df5fd",
          "provider": "pdm",
          "values": {
            "defaultValue": "true"
          },
          "channel": "master"
        },
        {
          "_id": {
            "$oid": "5cb5aae6793a6a001a666a0f"
          },
          "key": "5caee9863906cd001a7df606",
          "provider": "pdm",
          "values": {
            "defaultValue": "true"
          },
          "channel": "master"
        },
        {
          "_id": {
            "$oid": "5cb5aae6793a6a001a666a10"
          },
          "key": "5caee99b3906cd001a7df60c",
          "provider": "pdm",
          "values": {
            "defaultValue": "true"
          },
          "channel": "master"
        },
        {
          "_id": {
            "$oid": "5cb5aae6793a6a001a666a11"
          },
          "key": "5caee9c13906cd001a7df60e",
          "provider": "pdm",
          "values": {
            "defaultValue": "true"
          },
          "channel": "master"
        },
        {
          "_id": {
            "$oid": "5cb5aae6793a6a001a666a12"
          },
          "key": "5caee9d23906cd001a7df610",
          "provider": "pdm",
          "values": {
            "defaultValue": "true"
          },
          "channel": "master"
        },
        {
          "_id": {
            "$oid": "5cb5aae6793a6a001a666a13"
          },
          "key": "5caee9e53906cd001a7df612",
          "provider": "pdm",
          "values": {
            "defaultValue": "true"
          },
          "channel": "master"
        },
        {
          "_id": {
            "$oid": "5cb5aae6793a6a001a666a14"
          },
          "key": "5caee9f43906cd001a7df614",
          "provider": "pdm",
          "values": {
            "defaultValue": "true"
          },
          "channel": "master"
        },
        {
          "_id": {
            "$oid": "5cb5aae6793a6a001a666a15"
          },
          "key": "5caeea143906cd001a7df61a",
          "provider": "pdm",
          "values": {
            "defaultValue": "true"
          },
          "channel": "master"
        },
        {
          "_id": {
            "$oid": "5cb5aae6793a6a001a666a16"
          },
          "key": "5caeea293906cd001a7df61c",
          "provider": "pdm",
          "values": {
            "defaultValue": "true"
          },
          "channel": "master"
        },
        {
          "_id": {
            "$oid": "5cb5aae6793a6a001a666a17"
          },
          "key": "5caeea373906cd001a7df61e",
          "provider": "pdm",
          "values": {
            "defaultValue": "true"
          },
          "channel": "master"
        },
        {
          "_id": {
            "$oid": "5cb5aae6793a6a001a666a18"
          },
          "key": "5caeea8a3906cd001a7df627",
          "provider": "pdm",
          "values": {
            "defaultValue": "tv_set_top_box_number"
          },
          "channel": "master"
        },
        {
          "_id": {
            "$oid": "5cb5aae6793a6a001a666a19"
          },
          "key": "5caeeaa93906cd001a7df62c",
          "provider": "pdm",
          "values": {
            "defaultValue": "tv_sports_package"
          },
          "channel": "master"
        },
        {
          "_id": {
            "$oid": "5cb5aae6793a6a001a666a1a"
          },
          "key": "5caeeae33906cd001a7df62e",
          "provider": "pdm",
          "values": {
            "defaultValue": "tv_international_package"
          },
          "channel": "master"
        },
        {
          "_id": {
            "$oid": "5cb5aae6793a6a001a666a1b"
          },
          "key": "5caeeaee3906cd001a7df630",
          "provider": "pdm",
          "values": {
            "defaultValue": "phone_porting"
          },
          "channel": "master"
        },
        {
          "_id": {
            "$oid": "5cb5aae6793a6a001a666a1c"
          },
          "key": "5caeeafb3906cd001a7df634",
          "provider": "pdm",
          "values": {
            "defaultValue": "internet_modem"
          },
          "channel": "master"
        },
        {
          "_id": {
            "$oid": "5cb5aae6793a6a001a666a1d"
          },
          "key": "5caeeb063906cd001a7df638",
          "provider": "pdm",
          "values": {
            "defaultValue": "offers_synchronoss_cloud"
          },
          "channel": "master"
        },
        {
          "_id": {
            "$oid": "5cb5aae6793a6a001a666a1e"
          },
          "key": "5caeeb153906cd001a7df63a",
          "provider": "pdm",
          "values": {
            "defaultValue": "phone_directory_listing"
          },
          "channel": "master"
        },
        {
          "_id": {
            "$oid": "5ce2804afc21d0001a1eccc3"
          },
          "key": "5ce27da3fc21d0001a1ecc7f",
          "provider": "pdm",
          "values": {
            "label": "Confirm Email address",
            "error": "Please enter valid Confirm Email address"
          },
          "channel": "master"
        },
        {
          "_id": {
            "$oid": "5ce2804afc21d0001a1eccc4"
          },
          "key": "5ce27de1fc21fd001a0df881",
          "provider": "pdm",
          "values": {
            "label": "Date of Birth (MM/DD/YYYY)",
            "error": "Please enter valid Date of Birth"
          },
          "channel": "master"
        },
        {
          "_id": {
            "$oid": "5ce2804afc21d0001a1eccc5"
          },
          "key": "5ce27e15fc21fd001a0df88e",
          "provider": "pdm",
          "values": {
            "label": "Phone Number (XXX) XXX-XXXX",
            "error": "Please enter valid Phone Number"
          },
          "channel": "master"
        },
        {
          "_id": {
            "$oid": "5ce3a472fc21d0001a1ecffb"
          },
          "key": "5ce28d35fc21fd001a0df9b7",
          "provider": "pdm",
          "values": {
            "error": "Second Option Date is required",
            "label": "Second Option Date MM/DD/YYYY,  hh:mm "
          },
          "channel": "master"
        },
        {
          "_id": {
            "$oid": "5ce5464cfc21d0001a1ed568"
          },
          "key": "5cadb9153906cd001a7dee7b",
          "provider": "pdm",
          "values": {
            "label": "Confirm Email address"
          },
          "channel": "master"
        },
        {
          "_id": {
            "$oid": "5ce5464cfc21d0001a1ed569"
          },
          "key": "5cadb92f3906cd001a7dee83",
          "provider": "pdm",
          "values": {
            "label": "Date of Birth (MM/DD/YYYY)"
          },
          "channel": "master"
        },
        {
          "_id": {
            "$oid": "5ce5464cfc21d0001a1ed56a"
          },
          "key": "5cadb93d3906cd001a7dee8f",
          "provider": "pdm",
          "values": {
            "label": "Phone Number (XXX) XXX-XXXX"
          },
          "channel": "master"
        }
      ]
    }
  ],
  "type": "translation",
  "createdAt": {
    "$date": "2019-04-16T07:09:45.811Z"
  },
  "updatedAt": {
    "$date": "2019-05-29T08:29:34.214Z"
  },
  "__v": 11
}
]
