[{
	"_id": {
		"$oid": "5cadbd753906cd001a7def8c"
	},
	"name": "Avalara-live",
	"description": null,
	"createdAt": {
		"$date": "2019-04-10T09:55:01.321Z"
	},
	"updatedAt": {
		"$date": "2019-04-10T09:55:01.321Z"
	},
	"__v": 0
},
{
	"_id": {
		"$oid": "5caf16ae3906cd001a7df82a"
	},
	"name": "Vesta",
	"description": null,
	"createdAt": {
		"$date": "2019-04-11T10:27:58.908Z"
	},
	"updatedAt": {
		"$date": "2019-04-11T10:27:58.908Z"
	},
	"__v": 0
},
{
	"_id": {
		"$oid": "5cb092283906cd001a7dfd7b"
	},
	"name": "Decooda",
	"description": null,
	"createdAt": {
		"$date": "2019-04-12T13:27:04.011Z"
	},
	"updatedAt": {
		"$date": "2019-04-12T13:27:04.011Z"
	},
	"__v": 0
},
{
	"_id": {
		"$oid": "5cb44260793a6a001a665b59"
	},
	"name": "SNCR_Internal",
	"description": null,
	"createdAt": {
		"$date": "2019-04-15T08:35:44.707Z"
	},
	"updatedAt": {
		"$date": "2019-04-15T08:35:44.707Z"
	},
	"__v": 0
},
{
	"_id": {
		"$oid": "5cb832f3793a6a001a667c90"
	},
	"name": "phobio",
	"description": null,
	"createdAt": {
		"$date": "2019-04-18T08:18:59.308Z"
	},
	"updatedAt": {
		"$date": "2019-04-18T08:18:59.308Z"
	},
	"__v": 0
},
{
	"_id": {
		"$oid": "5cd3f6f08e9141001af87940"
	},
	"name": "Testing",
	"description": null,
	"createdAt": {
		"$date": "2019-05-09T09:46:24.562Z"
	},
	"updatedAt": {
		"$date": "2019-05-09T09:46:24.562Z"
	},
	"__v": 0
},
{
	"_id": {
		"$oid": "5cde628bfc21d0001a1ec71f"
	},
	"name": "Twilio",
	"description": "Send confirmation SMS to the user.",
	"createdAt": {
		"$date": "2019-05-17T07:28:11.426Z"
	},
	"updatedAt": {
		"$date": "2019-05-17T07:28:11.426Z"
	},
	"__v": 0
},
{
	"_id": {
		"$oid": "5d6d0ef02977f9001b33f0e7"
	},
	"name": "DeecodaProxy",
	"description": null,
	"createdAt": {
		"$date": "2019-09-02T12:45:36.687Z"
	},
	"updatedAt": {
		"$date": "2019-09-02T12:45:36.687Z"
	},
	"__v": 0
}]

