[{
	"_id": {
		"$oid": "5caca5843906cd001a7de4ab"
	},
	"resources": [],
	"name": "cta",
	"template": "{\n            \"$schema\": \"http://json-schema.org/draft-04/schema#\",\n            \"properties\": {\n                \"ctas\": {\n                    \"items\": {\n                        \"properties\": {\n                            \"backgroundImage\": {\n                                \"title\": \"Background Image\",\n                                \"type\": \"string\",\n                                \"format\": \"uri\"\n                            },\n                            \"description\": {\n                                \"title\": \"Description\",\n                                \"type\": \"string\"\n                            },\n                            \"label\": {\n                                \"title\": \"Label\",\n                                \"type\": \"string\"\n                            },\n                            \"nodeName\": {\n                                \"title\": \"Node Name\",\n                                \"type\": \"string\",\n                                \"format\": \"node-name\"\n                            },\n                            \"value\": {\n                                \"title\": \"Value\",\n                                \"type\": \"string\",\n                                \"dataProfileEnum\": \"1/nodeName\"\n                            }\n                        },\n                        \"required\": [\n                            \"label\",\n                            \"nodeName\",\n                            \"value\"\n                        ],\n                        \"title\": \"CTA\",\n                        \"type\": \"object\"\n                    },\n                    \"title\": \"CTAs\",\n                    \"type\": \"array\"\n                },\n                \"subTitle\": {\n                    \"title\": \"Sub-Title\",\n                    \"type\": \"string\"\n                },\n                \"title\": {\n                    \"title\": \"Title\",\n                    \"type\": \"string\"\n                }\n            },\n            \"required\": [\n                \"ctas\"\n            ],\n            \"title\": \"cta\",\n            \"type\": \"object\"\n        }",
	"createdAt": {
		"$date": "2019-04-09T14:00:36.720Z"
	},
	"updatedAt": {
		"$date": "2019-04-09T14:00:36.720Z"
	},
	"__v": 0
},
{
	"_id": {
		"$oid": "5caca5843906cd001a7de4ac"
	},
	"resources": [],
	"name": "simpleForm",
	"template": "{\n            \"$schema\": \"http://json-schema.org/draft-04/schema#\",\n            \"properties\": {\n                \"subTitle\": {\n                    \"title\": \"Sub-Title\",\n                    \"type\": \"string\"\n                },\n                \"submitLabel\": {\n                    \"title\": \"Submit Label\",\n                    \"type\": \"string\"\n                },\n                \"title\": {\n                    \"title\": \"Title\",\n                    \"type\": \"string\"\n                }\n            },\n            \"title\": \"simpleForm\",\n            \"type\": \"object\"\n        }",
	"createdAt": {
		"$date": "2019-04-09T14:00:36.726Z"
	},
	"updatedAt": {
		"$date": "2019-04-09T14:00:36.726Z"
	},
	"__v": 0
},
{
	"_id": {
		"$oid": "5caca6df3906cd001a7de4cf"
	},
	"resources": [],
	"name": "basicForm",
	"template": "{\n    \"$schema\": \"http://json-schema.org/draft-04/schema#\",\n    \"properties\": {\n        \"title\": {\n            \"title\": \"Title\",\n            \"type\": \"string\"\n        },\n        \"subTitle\": {\n            \"title\": \"Sub-Title\",\n            \"type\": \"string\"\n        },\n        \"anchorText\": {\n            \"title\": \"Anchor Linkable Text\",\n            \"type\": \"string\"\n        },\n        \"submitLabel\": {\n            \"title\": \"Submit Label\",\n            \"type\": \"string\"\n        },\n        \"cancelLabel\": {\n            \"title\": \"Cancel Label\",\n            \"type\": \"string\"\n        },\n        \"progressTitle\": {\n            \"title\": \"Progress Title\",\n            \"type\": \"string\"\n        },\n        \"Components\": {\n            \"items\": {\n                \"properties\": {\n                    \"componentName\": {\n                        \"title\": \"Component Name\",\n                        \"type\": \"string\"\n                    }\n                },\n                \"required\": [\n                    \"componentName\"\n                ],\n                \"title\": \"Component\",\n                \"type\": \"object\"\n            },\n            \"title\": \"Components\",\n            \"type\": \"array\"\n        }\n    },\n    \"title\": \"basicForm\",\n    \"type\": \"object\"\n}\n",
	"createdAt": {
		"$date": "2019-04-09T14:06:23.213Z"
	},
	"updatedAt": {
		"$date": "2019-04-09T14:06:23.213Z"
	},
	"__v": 0
},
{
	"_id": {
		"$oid": "5caca7f03906cd001a7de4e2"
	},
	"resources": [],
	"name": "autos",
	"template": "{\n    \"$schema\": \"http://json-schema.org/draft-04/schema#\",\n    \"properties\": {\n        \"title\": {\n            \"title\": \"Title\",\n            \"type\": \"string\"\n        },\n        \"fields\": {\n            \"items\": {\n                \"properties\": {\n                    \"type\":{\n                        \"title\": \"Get Data\",\n                        \"type\": \"string\",\n                        \"enum\": [\n                            \"default\",\n                            \"router-id\",\n                            \"location.search\"\n                        ],\n                        \"default\": \"default\"\n                    },\n                    \"fieldPath\": {\n                        \"title\": \"Node Name\",\n                        \"type\": \"string\"\n                    },\n                    \"exprType\": {\n                        \"title\": \"Expression Type\",\n                        \"type\": \"string\",\n                        \"enum\": [\n                            \"constant\",\n                            \"json-path\"\n                        ]\n                    },\n                    \"expression\": {\n                        \"title\": \"Expresion\",\n                        \"type\": \"string\"\n                    }\n                },\n                \"required\": [\n                    \"nodeName\",\n                    \"value\"\n                ],\n                \"title\": \"Field\",\n                \"type\": \"object\"\n            },\n            \"title\": \"Fields\",\n            \"type\": \"array\"\n        }\n    },\n    \"title\": \"auto\",\n    \"type\": \"object\"\n}\n",
	"createdAt": {
		"$date": "2019-04-09T14:10:56.414Z"
	},
	"updatedAt": {
		"$date": "2019-04-09T14:10:56.414Z"
	},
	"__v": 0
},
{
	"_id": {
		"$oid": "5cb44731793a6a001a665c37"
	},
	"resources": [],
	"name": "serviceType",
	"template": "{\r\n    \"$schema\": \"http://json-schema.org/draft-04/schema#\",\r\n    \"properties\": {\r\n        \"subTitle\": {\r\n            \"title\": \"Sub-Title\",\r\n            \"type\": \"string\"\r\n        },\r\n        \"submitLabel\": {\r\n            \"title\": \"Submit Label\",\r\n            \"type\": \"string\"\r\n        },\r\n        \"title\": {\r\n            \"title\": \"Title\",\r\n            \"type\": \"string\"\r\n        },\r\n        \"progressTitle\": {\r\n            \"title\": \"Progress Title\",\r\n            \"type\": \"string\"\r\n        },\r\n        \"fields\": {\r\n            \"items\": {\r\n                \"properties\": {\r\n                    \"defaultImage\": {\r\n                        \"title\": \"Default Image Background URL\",\r\n                        \"type\": \"string\",\r\n                        \"format\": \"uri\"\r\n                    },\r\n                    \"selectedImage\": {\r\n                        \"title\": \"Selected Image Background URL\",\r\n                        \"type\": \"string\",\r\n                        \"format\": \"uri\"\r\n                    },\r\n                    \"label\": {\r\n                        \"title\": \"Label\",\r\n                        \"type\": \"string\"\r\n                    },\r\n                    \"selectedField\": {\r\n                        \"title\": \"Selected Node Name\",\r\n                        \"type\": \"string\"\r\n                    },\r\n                    \"dataNodeName\": {\r\n                        \"title\": \"Response Node Name\",\r\n                        \"type\": \"string\"\r\n                    },\r\n                    \"value\": {\r\n                        \"dataProfileEnum\": \"1/nodeName\",\r\n                        \"title\": \"Value\",\r\n                        \"type\": \"boolean\"\r\n                    }\r\n                },\r\n                \"required\": [\r\n                    \"label\",\r\n                    \"nodeName\",\r\n                    \"value\"\r\n                ],\r\n                \"title\": \"Field\",\r\n                \"type\": \"object\"\r\n            },\r\n        \"title\": \"Fields\",\r\n        \"type\": \"array\"\r\n        }\r\n    },\r\n    \"title\": \"serviceType\",\r\n    \"type\": \"object\"\r\n}\r\n",
	"createdAt": {
		"$date": "2019-04-15T08:56:17.239Z"
	},
	"updatedAt": {
		"$date": "2019-04-15T08:56:17.239Z"
	},
	"__v": 0
},
{
	"_id": {
		"$oid": "5cb4682a793a6a001a665e4f"
	},
	"resources": [],
	"name": "sectionForm",
	"template": "{\r\n    \"$schema\": \"http://json-schema.org/draft-04/schema#\",\r\n    \"properties\": {\r\n        \"title\": {\r\n            \"title\": \"Title\",\r\n            \"type\": \"string\"\r\n        },\r\n        \"subTitle\": {\r\n            \"title\": \"Sub Title\",\r\n            \"type\": \"string\"\r\n        },\r\n        \"submitLabel\": {\r\n            \"title\": \"Submit Label\",\r\n            \"type\": \"string\"\r\n        },\r\n        \"cancelLabel\": {\r\n            \"title\": \"Cancel Label\",\r\n            \"type\": \"string\"\r\n        },\r\n        \"progressTitle\": {\r\n            \"title\": \"Progress Title\",\r\n            \"type\": \"string\"\r\n        },\r\n        \"currency\": {\r\n            \"title\": \"Currency\",\r\n            \"type\": \"string\"\r\n        },\r\n        \"sections\": {\r\n            \"items\": {\r\n                \"properties\": {\r\n                    \"title\": {\r\n                        \"title\": \"Title\",\r\n                        \"type\": \"string\"\r\n                    },\r\n                    \"subTitle\": {\r\n                        \"title\": \"Sub Title\",\r\n                        \"type\": \"string\"\r\n                    },\r\n                    \"internalNodeName\": {\r\n                        \"title\": \"Internal Node\",\r\n                        \"description\": \"If data model to be displayed is specific, then specify the path\",\r\n                        \"type\": \"string\"\r\n                    },\r\n                    \"hidden\": {\r\n                        \"title\": \"Hidden Section ?\",\r\n                        \"type\": \"boolean\"\r\n                    },\r\n                    \"action\": {\r\n                        \"title\": \"On Event Action To Be Performed\",\r\n                        \"description\": \"If any action on Radio button / Checkbox is to captured\",\r\n                        \"enum\": [\r\n                            \"hide\",\r\n                            \"populate-data\",\r\n                            \"none\"\r\n                        ],\r\n                        \"default\" : \"none\",\r\n                        \"type\": \"string\"\r\n                    },\r\n                    \"actionProperties\": {\r\n                        \"properties\": {\r\n                            \"selectNodeName\":{\r\n                                \"title\": \"Node Name - On Action Get Selected Value\",\r\n                                \"type\": \"string\"\r\n                            },\r\n                            \"checkValue\": {\r\n                                \"title\": \"Check Selected Value Against To Perform Action\",\r\n                                \"description\": \"If action value is set, then unhide the section\",\r\n                                \"type\": \"string\"\r\n                            },\r\n                            \"sectionPosition\": {\r\n                                \"title\": \"Position of Section For Action\",\r\n                                \"type\": \"string\"\r\n                            },\r\n                            \"fields\": {\r\n                                \"items\": {\r\n                                    \"properties\": {\r\n                                        \"getNode\": {\r\n                                            \"title\": \"Get Node Value\",\r\n                                            \"type\": \"string\"\r\n                                        },\r\n                                        \"setNode\": {\r\n                                            \"title\": \"Set Node With Value\",\r\n                                            \"type\": \"string\"\r\n                                        }\r\n                                    },\r\n                                    \"required\": [\r\n                                        \"setNode\"\r\n                                    ],\r\n                                    \"title\": \"Field\",\r\n                                    \"type\": \"object\"\r\n                                },\r\n                                \"title\": \"Fields\",\r\n                                \"type\": \"array\"\r\n                            }\r\n                        },\r\n                        \"title\": \"Action\",\r\n                        \"type\": \"object\"\r\n                    }\r\n                },\r\n                \"required\": [\"action\"],\r\n                \"title\": \"Section\",\r\n                \"type\": \"object\"\r\n            },\r\n            \"title\": \"Sections\",\r\n            \"type\": \"array\"\r\n        },\r\n        \"Components\": {\r\n            \"items\": {\r\n                \"properties\": {\r\n                    \"componentName\": {\r\n                        \"title\": \"Component Name\",\r\n                        \"type\": \"string\"\r\n                    }\r\n                },\r\n                \"required\": [\r\n                    \"componentName\"\r\n                ],\r\n                \"title\": \"Component\",\r\n                \"type\": \"object\"\r\n            },\r\n            \"title\": \"Components\",\r\n            \"type\": \"array\"\r\n        }\r\n    },\r\n    \"title\": \"sectionForm\",\r\n    \"type\": \"object\"\r\n}\r\n",
	"createdAt": {
		"$date": "2019-04-15T11:16:58.508Z"
	},
	"updatedAt": {
		"$date": "2019-04-15T11:16:58.508Z"
	},
	"__v": 0
},
{
	"_id": {
		"$oid": "5cb469a9793a6a001a665e5f"
	},
	"resources": [],
	"name": "login",
	"template": "{\r\n    \"$schema\": \"http://json-schema.org/draft-04/schema#\",\r\n    \"properties\": {\r\n        \"subTitle\": {\r\n            \"title\": \"Sub-Title\",\r\n            \"type\": \"string\"\r\n        },\r\n        \"submitLabel\": {\r\n            \"title\": \"Submit Label\",\r\n            \"type\": \"string\"\r\n        },\r\n        \"title\": {\r\n            \"title\": \"Title\",\r\n            \"type\": \"string\"\r\n        },\r\n        \"fields\": {\r\n            \"items\": {\r\n                \"properties\": {\r\n                    \"description\": {\r\n                        \"title\": \"Description\",\r\n                        \"type\": \"string\"\r\n                    },\r\n                    \"label\": {\r\n                        \"title\": \"Label\",\r\n                        \"type\": \"string\"\r\n                    },\r\n                    \"internalNodeName\": {\r\n                        \"uiHint\": \"node-name\",\r\n                        \"title\": \"Node Name\",\r\n                        \"type\": \"string\"\r\n                    },\r\n                    \"value\": {\r\n                        \"dataProfileEnum\": \"1/nodeName\",\r\n                        \"title\": \"Value\",\r\n                        \"type\": \"string\"\r\n                    }\r\n                },\r\n                \"required\": [\r\n                    \"label\",\r\n                    \"internalNodeName\",\r\n                    \"value\"\r\n                ],\r\n                \"title\": \"Field\",\r\n                \"type\": \"object\"\r\n            },\r\n            \"title\": \"Fields\",\r\n            \"type\": \"array\"\r\n        }\r\n    },\r\n    \"title\": \"signin\",\r\n    \"type\": \"object\"\r\n}\r\n",
	"createdAt": {
		"$date": "2019-04-15T11:23:21.919Z"
	},
	"updatedAt": {
		"$date": "2019-04-15T11:23:21.919Z"
	},
	"__v": 0
},
{
	"_id": {
		"$oid": "5cb593d5793a6a001a6667f9"
	},
	"resources": [],
	"name": "selectTile",
	"template": "{\n    \"$schema\": \"http://json-schema.org/draft-04/schema#\",\n    \"properties\": {\n        \"displayType\": {\n            \"title\": \"Template Type\",\n            \"type\": \"string\",\n            \"enum\": [\n                \"single\",\n                \"compare\"\n            ]\n        },\n        \"title\": {\n            \"title\": \"Title\",\n            \"type\": \"string\"\n        },\n        \"subTitle\": {\n            \"title\": \"Sub-Title\",\n            \"type\": \"string\"\n        },\n        \"progressTitle\": {\n            \"title\": \"Progress Title\",\n            \"type\": \"string\"\n        },\n        \"submitLabel\": {\n            \"title\": \"Submit Label\",\n            \"type\": \"string\"\n        },\n        \"cancelLabel\": {\n            \"title\": \"Cancel Label\",\n            \"type\": \"string\"\n        },\n        \"tileSelect\": {\n            \"title\": \"Tile Select Label\",\n            \"type\": \"string\"\n        },\n        \"listHeader\": {\n            \"title\": \"List Header\",\n            \"type\": \"string\"\n        },\n        \"responseQuery\": {\n            \"title\": \"Response Node Name\",\n            \"type\": \"string\"\n        },\n        \"childNodeName\":{\n            \"title\": \"Compare List Node Name\",\n            \"type\": \"string\"\n        },\n        \"selectedNode\":{\n            \"title\": \"Set Selected Object - Node Array Name\",\n            \"type\": \"string\"\n        },\n        \"currency\":{\n            \"title\": \"Currency Code\",\n            \"type\": \"string\"\n        },\n        \"cmsUrl\":{\n            \"title\": \"CMS Url\",\n            \"type\": \"string\"\n        },\n        \"fields\": {\n            \"items\": {\n                \"properties\": {\n                    \"getVal\": {\n                        \"title\": \"Get Value From\",\n                        \"type\": \"string\"\n                    },\n                    \"setVal\": {\n                        \"title\": \"Set Value To\",\n                        \"type\": \"string\"\n                    }\n                },\n                \"required\": [\n                  \"getVal\",\n                  \"setVal\"\n                ],\n                \"title\": \"Field\",\n                \"type\": \"object\"\n            },\n            \"title\": \"Fields\",\n            \"type\": \"array\"\n        }\n    },\n    \"title\": \"selectTile\",\n    \"type\": \"object\"\n}\n",
	"createdAt": {
		"$date": "2019-04-16T08:35:33.317Z"
	},
	"updatedAt": {
		"$date": "2019-04-16T08:35:33.317Z"
	},
	"__v": 0
},
{
	"_id": {
		"$oid": "5cb5a2a7793a6a001a66687d"
	},
	"resources": [],
	"name": "selectCustom",
	"template": "{\n    \"$schema\": \"http://json-schema.org/draft-04/schema#\",\n    \"properties\": {\n        \"subTitle\": {\n            \"title\": \"Sub-Title\",\n            \"type\": \"string\"\n        },\n        \"submitLabel\": {\n            \"title\": \"Submit Label\",\n            \"type\": \"string\"\n        },\n        \"title\": {\n            \"title\": \"Title\",\n            \"type\": \"string\"\n        },\n        \"progressTitle\": {\n            \"title\": \"Progress Title\",\n            \"type\": \"string\"\n        },\n        \"respJsonPath\": {\n            \"title\": \"Response Node Name\",\n            \"type\": \"string\"\n        },\n        \"cmsUrl\":{\n            \"title\": \"CMS Url\",\n            \"type\": \"string\"\n        },\n        \"selectedNode\":{\n            \"title\": \"Set Selected Object - Node Array Name\",\n            \"type\": \"string\"\n        },\n        \"currency\":{\n            \"title\": \"Currency Code\",\n            \"type\": \"string\"\n        },\n        \"fields\": {\n            \"items\": {\n                \"properties\": {\n                    \"getVal\": {\n                        \"title\": \"Get Value\",\n                        \"type\": \"string\"\n                    },\n                    \"setVal\": {\n                        \"title\": \"Set Value\",\n                        \"type\": \"string\"\n                    }\n                },\n                \"required\": [\n                    \"getVal\",\n                    \"setVal\"\n                ],\n                \"title\": \"Field\",\n                \"type\": \"object\"\n            },\n            \"title\": \"Fields\",\n            \"type\": \"array\"\n        }\n    },\n    \"title\": \"selectCustom\",\n    \"type\": \"object\"\n}\n",
	"createdAt": {
		"$date": "2019-04-16T09:38:47.116Z"
	},
	"updatedAt": {
		"$date": "2019-04-16T09:38:47.116Z"
	},
	"__v": 0
},
{
	"_id": {
		"$oid": "5cbddfdf793a6a001a6680ab"
	},
	"resources": [],
	"name": "deviceSelection",
	"template": "{\r\n    \"$schema\": \"http://json-schema.org/draft-04/schema#\",\r\n    \"properties\": {\r\n        \"title\": {\r\n            \"title\": \"Title\",\r\n            \"type\": \"string\"\r\n        },\r\n        \"deviceType\": {\r\n            \"title\": \"DeviceType Label\",\r\n            \"type\": \"string\"\r\n        },\r\n        \"manufacturer\": {\r\n            \"title\": \"Manufacturer Label\",\r\n            \"type\": \"string\"\r\n        },\r\n        \"model\": {\r\n            \"title\": \"Model Label\",\r\n            \"type\": \"string\"\r\n        },\r\n        \"color\": {\r\n            \"title\": \"Color Label\",\r\n            \"type\": \"string\"\r\n        },\r\n        \"storage\": {\r\n            \"title\": \"Storage Label\",\r\n            \"type\": \"string\"\r\n        },\r\n        \"carrier\": {\r\n            \"title\": \"Carrier Label\",\r\n            \"type\": \"string\"\r\n        },\r\n        \"deviceCondition\": {\r\n            \"title\": \"DeviceCondition Label\",\r\n            \"type\": \"string\"\r\n        },\r\n        \"deviceConditionQuestion1\": {\r\n            \"title\": \"Device Condition Question1 Label\",\r\n            \"type\": \"string\"\r\n        },\r\n        \"deviceConditionQuestion2\": {\r\n            \"title\": \"Device Condition Question2 Label\",\r\n            \"type\": \"string\"\r\n        },\r\n        \"photoFront\": {\r\n            \"title\": \"PhotoFront Label\",\r\n            \"type\": \"string\"\r\n        },\r\n        \"photoBack\": {\r\n            \"title\": \"PhotoBack Label\",\r\n            \"type\": \"string\"\r\n        },\r\n        \"tradeInValue\": {\r\n            \"title\": \"Trade-In Value Label\",\r\n            \"type\": \"string\"\r\n        },\r\n        \"cmsUrl\": {\r\n            \"title\": \"CMS Url\",\r\n            \"type\": \"string\"\r\n        },\r\n        \"infoDescription\": {\r\n            \"title\": \"Information Description\",\r\n            \"type\": \"string\"\r\n        },\r\n        \"nodeName1\": {\r\n            \"title\": \"Selected Node Name1\",\r\n            \"type\": \"string\"\r\n        },\r\n        \"nodeName2\": {\r\n            \"title\": \"Selected Node Name2\",\r\n            \"type\": \"string\"\r\n        },\r\n        \"nodeName3\": {\r\n            \"title\": \"Selected Node Name3\",\r\n            \"type\": \"string\"\r\n        },\r\n        \"nodeName4\": {\r\n            \"title\": \"Selected Node Name4\",\r\n            \"type\": \"string\"\r\n        },\r\n        \"nodeName5\": {\r\n            \"title\": \"Selected Node Name5\",\r\n            \"type\": \"string\"\r\n        },\r\n        \"validationMessage\": {\r\n            \"title\": \"validation Message\",\r\n            \"type\": \"string\"\r\n        },\r\n        \"dataNodeName\": {\r\n            \"title\": \"Response Node Name\",\r\n            \"type\": \"string\"\r\n        },\r\n        \"submitLabel\": {\r\n            \"title\": \"Submit Label\",\r\n            \"type\": \"string\"\r\n        },\r\n        \"cancelLabel\": {\r\n            \"title\": \"Cancel Label\",\r\n            \"type\": \"string\"\r\n        },\r\n        \"fields\": {\r\n            \"items\": {\r\n                \"properties\": {\r\n                    \"defaultImage\": {\r\n                        \"title\": \"Default Image Background URL\",\r\n                        \"type\": \"string\",\r\n                        \"format\": \"uri\"\r\n                    },\r\n                    \"getVal\": {\r\n                        \"title\": \"Get Value From\",\r\n                        \"type\": \"string\"\r\n                    },\r\n                    \"setVal\": {\r\n                        \"title\": \"Set Above Value to Key\",\r\n                        \"type\": \"string\"\r\n                    }\r\n                },\r\n                \"required\": [\r\n                    \"keyName\",\r\n                    \"value\"\r\n                ],\r\n                \"title\": \"Field\",\r\n                \"type\": \"object\"\r\n            },\r\n            \"title\": \"Fields\",\r\n            \"type\": \"array\"\r\n        }\r\n    },\r\n    \"title\": \"deviceSelection\",\r\n    \"type\": \"object\"\r\n}",
	"createdAt": {
		"$date": "2019-04-22T15:38:07.217Z"
	},
	"updatedAt": {
		"$date": "2019-04-22T15:38:07.217Z"
	},
	"__v": 0
},
{
	"_id": {
		"$oid": "5cbefd8f793a6a001a66843b"
	},
	"resources": [],
	"name": "deviceSelectionWeb",
	"template": "{\r\n  \"$schema\": \"http://json-schema.org/draft-04/schema#\",\r\n  \"properties\": {\r\n      \"title\": {\r\n          \"title\": \"Title\",\r\n          \"type\": \"string\"\r\n      },\r\n      \"deviceType\": {\r\n          \"title\": \"DeviceType Label\",\r\n          \"type\": \"string\"\r\n      },\r\n      \"manufacturer\": {\r\n          \"title\": \"Manufacturer Label\",\r\n          \"type\": \"string\"\r\n      },\r\n      \"SelectedNodeName\": {\r\n          \"title\": \"Selected Node Name\",\r\n          \"type\": \"string\"\r\n      },\r\n      \"dataNodeName\": {\r\n          \"title\": \"Response Node Name\",\r\n          \"type\": \"string\"\r\n      },\r\n      \"submitLabel\": {\r\n          \"title\": \"Submit Label\",\r\n          \"type\": \"string\"\r\n      },\r\n      \"cancelLabel\": {\r\n          \"title\": \"Cancel Label\",\r\n          \"type\": \"string\"\r\n      },\r\n      \"fields\": {\r\n          \"items\": {\r\n              \"properties\": {\r\n                  \"ManufacturerImage\": {\r\n                    \"title\": \"Image URL\",\r\n                    \"type\": \"string\",\r\n                    \"uiHint\": \"uri\"\r\n                  },\r\n                  \"title\":{\r\n                    \"title\":\"Image Title\",\r\n                    \"type\":\"string\"\r\n                  }\r\n              },\r\n              \"required\": [\r\n                  \"ManufacturerImage\"\r\n              ],\r\n              \"title\": \"Field\",\r\n              \"type\": \"object\"\r\n          },\r\n          \"title\": \"Fields\",\r\n          \"type\": \"array\"\r\n      }\r\n  },\r\n  \"title\": \"deviceSelectionWeb\",\r\n  \"type\": \"object\"\r\n}\r\n",
	"createdAt": {
		"$date": "2019-04-23T11:57:03.124Z"
	},
	"updatedAt": {
		"$date": "2019-04-23T11:57:03.124Z"
	},
	"__v": 0
},
{
	"_id": {
		"$oid": "5cc02c2e1f059b001ad11862"
	},
	"resources": [],
	"name": "selectDeviceDetail",
	"template": "{\r\n  \"$schema\": \"http://json-schema.org/draft-04/schema#\",\r\n  \"properties\": {\r\n      \"title\": {\r\n          \"title\": \"Title\",\r\n          \"type\": \"string\"\r\n      },\r\n      \"deviceType\": {\r\n          \"title\": \"DeviceType Label\",\r\n          \"type\": \"string\"\r\n      },\r\n      \"manufacturer\": {\r\n          \"title\": \"Manufacturer Label\",\r\n          \"type\": \"string\"\r\n      },\r\n      \"deviceSummaryNode\":{\r\n          \"title\":\"Device Summary\",\r\n          \"type\":\"string\"\r\n      },\r\n      \"deviceMakeListNode\":{\r\n          \"title\":\"Device MakeList\",\r\n          \"type\":\"string\"\r\n      },\r\n      \"selectedDeviceNode\":{\r\n          \"title\":\"Selected Device\",\r\n          \"type\":\"string\"\r\n      },\r\n      \"color\": {\r\n          \"title\": \"Color Label\",\r\n          \"type\": \"string\"\r\n      },\r\n      \"nodeName\": {\r\n          \"title\": \"Selected Node Name\",\r\n          \"type\": \"string\"\r\n      },\r\n      \"submitLabel\": {\r\n          \"title\": \"Submit Label\",\r\n          \"type\": \"string\"\r\n      },\r\n      \"fields\": {\r\n          \"items\": {\r\n              \"properties\": {\r\n                  \"getVal\": {\r\n                      \"title\": \"Get Value From\",\r\n                      \"type\": \"string\"\r\n                  },\r\n                  \"setVal\": {\r\n                      \"title\": \"Set Above Value to Key\",\r\n                      \"type\": \"string\"\r\n                  }\r\n              },\r\n              \"required\": [\r\n                  \"keyName\",\r\n                  \"value\"\r\n              ],\r\n              \"title\": \"Field\",\r\n              \"type\": \"object\"\r\n          },\r\n          \"title\": \"Fields\",\r\n          \"type\": \"array\"\r\n      }\r\n  },\r\n  \"title\": \"selectDeviceDetail\",\r\n  \"type\": \"object\"\r\n}\r\n",
	"createdAt": {
		"$date": "2019-04-24T09:28:14.834Z"
	},
	"updatedAt": {
		"$date": "2019-04-24T09:28:14.834Z"
	},
	"__v": 0
},
{
	"_id": {
		"$oid": "5cc08bc81f059b001ad11a67"
	},
	"resources": [],
	"name": "sectionalTemplate",
	"template": "{\r\n  \"$schema\": \"http://json-schema.org/draft-04/schema#\",\r\n  \"properties\": {\r\n    \"title\": {\r\n      \"title\": \"Title\",\r\n      \"type\": \"string\"\r\n    },\r\n    \"submitLabel\": {\r\n      \"title\": \"Submit Label\",\r\n      \"type\": \"string\"\r\n    },\r\n    \"cancelLabel\": {\r\n      \"title\": \"Cancel Label\",\r\n      \"type\": \"string\"\r\n    },\r\n    \"Components\": {\r\n      \"items\": {\r\n        \"properties\": {\r\n          \"componentName\": {\r\n            \"title\": \"Component Name\",\r\n            \"type\": \"string\"\r\n          },\r\n          \"componentTitle\": {\r\n            \"title\": \"Component Title\",\r\n            \"type\": \"string\"\r\n          },\r\n          \"componentSubTitle\": {\r\n            \"title\": \"Component Sub-title\",\r\n            \"type\": \"string\"\r\n          },\r\n          \"componentSelectionNode\":{\r\n            \"title\": \"Component Selection Node\",\r\n            \"type\": \"string\"\r\n          },\r\n          \"componentResponseNode\":{\r\n            \"title\": \"Component Response Node\",\r\n            \"type\": \"string\"\r\n          },\r\n          \"position\":{\r\n            \"title\":\"Component Position\",\r\n            \"type\": \"number\"\r\n          },\r\n          \"fields\":{\r\n            \"items\":{\r\n              \"properties\":{\r\n                \"propertyName\":{\r\n                  \"title\":\"Property Name\",\r\n                  \"type\":\"string\"\r\n                },\r\n                \"propertyValue\":{\r\n                  \"title\":\"Property Value\",\r\n                  \"type\":\"string\"\r\n                }\r\n              },\r\n              \"required\":[\r\n                \"label\",\r\n                \"value\"\r\n              ],\r\n              \"title\":\"Fields\",\r\n              \"type\":\"object\"\r\n            },\r\n            \"title\":\"fields\",\r\n            \"type\":\"array\"\r\n          }\r\n        },\r\n        \"required\": [\"componentName\"],\r\n        \"title\": \"Component\",\r\n        \"type\": \"object\"\r\n      },\r\n      \"title\": \"Components\",\r\n      \"type\": \"array\"\r\n    }\r\n\r\n  },\r\n  \"title\": \"sectionalTemplate\",\r\n  \"type\": \"object\"\r\n}\r\n",
	"createdAt": {
		"$date": "2019-04-24T16:16:08.320Z"
	},
	"updatedAt": {
		"$date": "2019-04-24T16:16:08.320Z"
	},
	"__v": 0
},
{
	"_id": {
		"$oid": "5cc181791f059b001ad11be2"
	},
	"resources": [],
	"name": "productList",
	"template": "{\r\n    \"$schema\": \"http://json-schema.org/draft-04/schema#\",\r\n    \"properties\": {\r\n        \"title\": {\r\n            \"title\": \"Title\",\r\n            \"type\": \"string\"\r\n        },\r\n        \"subTitle\": {\r\n            \"title\": \"Sub-Title\",\r\n            \"type\": \"string\"\r\n        },\r\n        \"submitLabel\": {\r\n            \"title\": \"Submit Label\",\r\n            \"type\": \"string\"\r\n        },\r\n        \"cancelLabel\": {\r\n            \"title\": \"Cancel Label\",\r\n            \"type\": \"string\"\r\n        },\r\n        \"progressTitle\": {\r\n            \"title\": \"Progress Title\",\r\n            \"type\": \"string\"\r\n        },\r\n        \"selectedNode\":{\r\n            \"title\": \"Set Selected Object - Node Array Name\",\r\n            \"type\": \"string\"\r\n        },\r\n        \"cmsUrl\":{\r\n            \"title\": \"CMS Url\",\r\n            \"type\": \"string\"\r\n        },\r\n        \"fields\": {\r\n            \"items\": {\r\n                \"properties\": {\r\n                    \"getVal\": {\r\n                        \"title\": \"Get Value From\",\r\n                        \"type\": \"string\"\r\n                    },\r\n                    \"setVal\": {\r\n                        \"title\": \"Set Above Value to Key\",\r\n                        \"type\": \"string\"\r\n                    }\r\n                },\r\n                \"required\": [\r\n                    \"keyName\",\r\n                    \"value\"\r\n                ],\r\n                \"title\": \"Field\",\r\n                \"type\": \"object\"\r\n            },\r\n            \"title\": \"Fields\",\r\n            \"type\": \"array\"\r\n        }\r\n    },\r\n    \"title\": \"productList\",\r\n    \"type\": \"object\"\r\n}",
	"createdAt": {
		"$date": "2019-04-25T09:44:25.812Z"
	},
	"updatedAt": {
		"$date": "2019-04-25T09:44:25.812Z"
	},
	"__v": 0
},
{
	"_id": {
		"$oid": "5cc82904585173001a31f9c8"
	},
	"resources": [],
	"name": "orderConfirm",
	"template": "{\r\n    \"$schema\": \"http://json-schema.org/draft-04/schema#\",\r\n    \"properties\": {\r\n        \"title\": {\r\n            \"title\": \"Title\",\r\n            \"type\": \"string\"\r\n        },\r\n        \"subTitle1\": {\r\n            \"title\": \"Sub-Title1\",\r\n            \"type\": \"string\"\r\n        },\r\n        \"subTitle2\": {\r\n            \"title\": \"Sub-Title2\",\r\n            \"type\": \"string\"\r\n        },\r\n        \"subTitle3\": {\r\n            \"title\": \"Sub-Title3\",\r\n            \"type\": \"string\"\r\n        },\r\n        \"subTitle4\": {\r\n            \"title\": \"Sub-Title4\",\r\n            \"type\": \"string\"\r\n        }\r\n    },\r\n    \"title\": \"order\",\r\n    \"type\": \"object\"\r\n}\r\n",
	"createdAt": {
		"$date": "2019-04-30T10:52:52.417Z"
	},
	"updatedAt": {
		"$date": "2019-04-30T10:52:52.417Z"
	},
	"__v": 0
},
{
	"_id": {
		"$oid": "5ccbfc07585173001a3205ec"
	},
	"resources": [],
	"name": "shoppingCart",
	"template": "{\r\n    \"$schema\": \"http://json-schema.org/draft-04/schema#\",\r\n    \"properties\": {\r\n        \"title\": {\r\n            \"title\": \"Title\",\r\n            \"type\": \"string\"\r\n        },\r\n        \"subTitle\": {\r\n            \"title\": \"Sub-Title\",\r\n            \"type\": \"string\"\r\n        },\r\n        \"submitLabel\": {\r\n            \"title\": \"Submit Label\",\r\n            \"type\": \"string\"\r\n        },\r\n        \"cancelLabel\": {\r\n            \"title\": \"Cancel Label\",\r\n            \"type\": \"string\"\r\n        },\r\n        \"selectedNode\":{\r\n            \"title\": \"Set Selected Object - Node Array Name\",\r\n            \"type\": \"string\"\r\n        },\r\n        \"tradeNode\":{\r\n            \"title\": \"Set TradeNode Object - Node Property Name\",\r\n            \"type\": \"string\"\r\n        },\r\n        \"cmsUrl\":{\r\n            \"title\": \"CMS Url\",\r\n            \"type\": \"string\"\r\n        },\r\n        \"infoLabel\":{\r\n            \"title\": \"Info Label\",\r\n            \"type\": \"string\"\r\n        },\r\n        \"fields\": {\r\n            \"items\": {\r\n                \"properties\": {\r\n                    \"getVal\": {\r\n                        \"title\": \"Get Value From\",\r\n                        \"type\": \"string\"\r\n                    },\r\n                    \"setVal\": {\r\n                        \"title\": \"Set Above Value to Key\",\r\n                        \"type\": \"string\"\r\n                    }\r\n                },\r\n                \"required\": [\r\n                    \"keyName\",\r\n                    \"value\"\r\n                ],\r\n                \"title\": \"Field\",\r\n                \"type\": \"object\"\r\n            },\r\n            \"title\": \"Fields\",\r\n            \"type\": \"array\"\r\n        }\r\n    },\r\n    \"title\": \"shoppingCart\",\r\n    \"type\": \"object\"\r\n}\r\n",
	"createdAt": {
		"$date": "2019-05-03T08:29:59.614Z"
	},
	"updatedAt": {
		"$date": "2019-05-03T08:29:59.614Z"
	},
	"__v": 0
},
{
	"_id": {
		"$oid": "5cd01498d63e40001a4e85c5"
	},
	"resources": [],
	"name": "tradeinConfirm",
	"template": "{\r\n    \"$schema\": \"http://json-schema.org/draft-04/schema#\",\r\n    \"properties\": {\r\n        \"title\": {\r\n            \"title\": \"Title\",\r\n            \"type\": \"string\"\r\n        },\r\n        \"subTitle\": {\r\n            \"title\": \"Sub-Title\",\r\n            \"type\": \"string\"\r\n        },\r\n        \"submitLabel\": {\r\n            \"title\": \"Submit Label\",\r\n            \"type\": \"string\"\r\n        },\r\n        \"cancelLabel\": {\r\n            \"title\": \"Cancel Label\",\r\n            \"type\": \"string\"\r\n        },\r\n        \"cmsUrl\":{\r\n            \"title\": \"CMS Url\",\r\n            \"type\": \"string\"\r\n        },\r\n        \"infoLabel\":{\r\n            \"title\": \"Info Label\",\r\n            \"type\": \"string\"\r\n        },\r\n        \"Components\": {\r\n          \"items\": {\r\n            \"properties\": {\r\n              \"componentName\": {\r\n                \"title\": \"Component Name\",\r\n                \"type\": \"string\"\r\n              },\r\n              \"componentTitle\": {\r\n                \"title\": \"Component Title\",\r\n                \"type\": \"string\"\r\n              },\r\n              \"componentSubTitle\": {\r\n                \"title\": \"Component Sub-title\",\r\n                \"type\": \"string\"\r\n              },\r\n              \"componentSelectionNode\":{\r\n                \"title\": \"Component Selection Node\",\r\n                \"type\": \"string\"\r\n              },\r\n              \"componentResponseNode\":{\r\n                \"title\": \"Component Response Node\",\r\n                \"type\": \"string\"\r\n              },\r\n              \"position\":{\r\n                \"title\":\"Component Position\",\r\n                \"type\": \"number\"\r\n              },\r\n              \"fields\":{\r\n                \"items\":{\r\n                  \"properties\":{\r\n                    \"propertyName\":{\r\n                      \"title\":\"Property Name\",\r\n                      \"type\":\"string\"\r\n                    },\r\n                    \"propertyValue\":{\r\n                      \"title\":\"Property Value\",\r\n                      \"type\":\"string\"\r\n                    }\r\n                  },\r\n                  \"required\":[\r\n                    \"label\",\r\n                    \"value\"\r\n                  ],\r\n                  \"title\":\"Fields\",\r\n                  \"type\":\"object\"\r\n                },\r\n                \"title\":\"fields\",\r\n                \"type\":\"array\"\r\n              }\r\n            },\r\n            \"required\": [\r\n              \"componentName\"],\r\n            \"title\": \"Component\",\r\n            \"type\": \"object\"\r\n          },\r\n          \"title\": \"Components\",\r\n          \"type\": \"array\"\r\n        }\r\n    },\r\n    \"title\": \"tradeinConfirm\",\r\n    \"type\": \"object\"\r\n}\r\n",
	"createdAt": {
		"$date": "2019-05-06T11:03:52.916Z"
	},
	"updatedAt": {
		"$date": "2019-05-06T11:03:52.916Z"
	},
	"__v": 0
},
{
	"_id": {
		"$oid": "5cd2c10f4a81f1001a6b9ca2"
	},
	"resources": [],
	"name": "deviceDataInput",
	"template": "{\r\n    \"$schema\": \"http://json-schema.org/draft-04/schema#\",\r\n    \"properties\": {\r\n        \"title\": {\r\n            \"title\": \"Title\",\r\n            \"type\": \"string\"\r\n        },\r\n        \"channel\":{\r\n            \"title\": \"Channel\",\r\n            \"type\": \"string\"\r\n        },\r\n        \"subTitle\": {\r\n            \"title\": \"Sub Title\",\r\n            \"type\": \"string\"\r\n        },\r\n        \"tagLine\": {\r\n            \"title\": \"Title Tag\",\r\n            \"type\": \"string\"\r\n        },\r\n        \"submitLabel\": {\r\n            \"title\": \"Submit Label\",\r\n            \"type\": \"string\"\r\n        },\r\n        \"cancelLabel\": {\r\n            \"title\": \"Cancel Label\",\r\n            \"type\": \"string\"\r\n        },\r\n        \"progressTitle\": {\r\n            \"title\": \"Progress Title\",\r\n            \"type\": \"string\"\r\n        },\r\n        \"currency\": {\r\n            \"title\": \"Currency\",\r\n            \"type\": \"string\"\r\n        },\r\n        \"dataNodeName\":{\r\n            \"title\": \"Data Object Path - To get value from\",\r\n            \"type\": \"string\"\r\n        },\r\n        \"setNode\":{\r\n            \"title\": \"Node Name - Set Form Value on Submit\",\r\n            \"type\": \"string\"\r\n        },\r\n        \"itemLabel\":{\r\n            \"title\": \"Item Label Node Name\",\r\n            \"type\": \"string\"\r\n        },\r\n        \"itemId\":{\r\n            \"title\": \"Item Id Node Name\",\r\n            \"type\": \"string\"\r\n        },\r\n        \"itemModel\":{\r\n            \"title\": \"Item Model Node Name\",\r\n            \"type\": \"string\"\r\n        },\r\n        \"itemPlaceHolder\":{\r\n            \"title\": \"Item Input Place Holder\",\r\n            \"type\": \"string\"\r\n        },\r\n        \"itemColor\":{\r\n            \"title\": \"Item Color Place Holder\",\r\n            \"type\": \"string\"\r\n        },\r\n        \"itemVariant\":{\r\n            \"title\": \"Item Variant Place Holder\",\r\n            \"type\": \"string\"\r\n        },\r\n        \"Components\": {\r\n            \"items\": {\r\n                \"properties\": {\r\n                    \"componentName\": {\r\n                        \"title\": \"Component Name\",\r\n                        \"type\": \"string\"\r\n                    }\r\n                },\r\n                \"required\": [\r\n                    \"componentName\"\r\n                ],\r\n                \"title\": \"Component\",\r\n                \"type\": \"object\"\r\n            },\r\n            \"title\": \"Components\",\r\n            \"type\": \"array\"\r\n        }\r\n    },\r\n    \"title\": \"deviceDataInput\",\r\n    \"type\": \"object\"\r\n}\r\n",
	"createdAt": {
		"$date": "2019-05-08T11:44:15.244Z"
	},
	"updatedAt": {
		"$date": "2019-05-08T11:44:15.244Z"
	},
	"__v": 0
},
{
	"_id": {
		"$oid": "5cd428438e9141001af87ecf"
	},
	"resources": [],
	"name": "summary",
	"template": "{\r\n    \"$schema\": \"http://json-schema.org/draft-04/schema#\",\r\n    \"properties\": {\r\n        \"title\": {\r\n            \"title\": \"Title\",\r\n            \"type\": \"string\"\r\n        },\r\n        \"subTitle\": {\r\n            \"title\": \"Sub-Title\",\r\n            \"type\": \"string\"\r\n        },\r\n        \"description\": {\r\n            \"title\": \"Description\",\r\n            \"type\": \"string\"\r\n        },\r\n        \"titleImage\": {\r\n            \"title\": \"Title Image\",\r\n            \"type\": \"string\"\r\n        },\r\n        \"submitLabel\": {\r\n            \"title\": \"Submit Label\",\r\n            \"type\": \"string\"\r\n        },\r\n        \"cancelLabel\": {\r\n            \"title\": \"Cancel Label\",\r\n            \"type\": \"string\"\r\n        },\r\n        \"subTitle1\": {\r\n            \"title\": \"subTitle1\",\r\n            \"type\": \"string\"\r\n        },\r\n        \"subTitle2\": {\r\n            \"title\": \"subTitle2\",\r\n            \"type\": \"string\"\r\n        },\r\n        \"subTitle3\": {\r\n            \"title\": \"subTitle3\",\r\n            \"type\": \"string\"\r\n        },\r\n        \"progressTitle\": {\r\n            \"title\": \"Progress Title\",\r\n            \"type\": \"string\"\r\n        },\r\n        \"currency\": {\r\n            \"title\": \"Currency\",\r\n            \"type\": \"string\"\r\n        },\r\n        \"cmsUrl\":{\r\n            \"title\": \"CMS Url\",\r\n            \"type\": \"string\"\r\n        },\r\n        \"isContentRequired\":{\r\n            \"title\": \"Is Content Required(YES/NO)\",\r\n            \"type\": \"string\"\r\n        },\r\n        \"Components\": {\r\n            \"items\": {\r\n                \"properties\": {\r\n                    \"componentName\": {\r\n                        \"title\": \"Component Name\",\r\n                        \"type\": \"string\"\r\n                    }\r\n                },\r\n                \"required\": [\r\n                    \"componentName\"\r\n                ],\r\n                \"title\": \"Component\",\r\n                \"type\": \"object\"\r\n            },\r\n            \"title\": \"Components\",\r\n            \"type\": \"array\"\r\n        }\r\n    },\r\n    \"title\": \"summary\",\r\n    \"type\": \"object\"\r\n}",
	"createdAt": {
		"$date": "2019-05-09T13:16:51.846Z"
	},
	"updatedAt": {
		"$date": "2019-05-09T13:16:51.846Z"
	},
	"__v": 0
},
{
	"_id": {
		"$oid": "5cef9b1a34e6df001aa97c2b"
	},
	"resources": [],
	"name": "insightsStart",
	"template": "{\r\n    \"$schema\": \"http://json-schema.org/draft-04/schema#\",\r\n    \"properties\": {\r\n        \"title\": {\r\n            \"title\": \"Title\",\r\n            \"type\": \"string\"\r\n        },\r\n        \"fields\": {\r\n            \"items\": {\r\n                \"properties\": {\r\n                    \"type\":{\r\n                        \"title\": \"Get Data\",\r\n                        \"type\": \"string\",\r\n                        \"enum\": [\r\n                            \"default\",\r\n                            \"router-id\",\r\n                            \"location.search\"\r\n                        ],\r\n                        \"default\": \"default\"\r\n                    },\r\n                    \"nodeName\": {\r\n                        \"format\": \"node-name\",\r\n                        \"title\": \"Node Name\",\r\n                        \"type\": \"string\"\r\n                    },\r\n                    \"exprType\": {\r\n                        \"title\": \"Expression Type\",\r\n                        \"type\": \"string\",\r\n                        \"enum\": [\r\n                            \"constant\",\r\n                            \"json-path\"\r\n                        ]\r\n                    },\r\n                    \"expression\": {\r\n                        \"title\": \"Expresion\",\r\n                        \"type\": \"string\"\r\n                    }\r\n                },\r\n                \"required\": [\r\n                    \"nodeName\",\r\n                    \"value\"\r\n                ],\r\n                \"title\": \"Field\",\r\n                \"type\": \"object\"\r\n            },\r\n            \"title\": \"Fields\",\r\n            \"type\": \"array\"\r\n        }\r\n    },\r\n    \"title\": \"insightsStart\",\r\n    \"type\": \"object\"\r\n}\r\n",
	"createdAt": {
		"$date": "2019-05-30T08:58:02.362Z"
	},
	"updatedAt": {
		"$date": "2019-05-30T08:58:02.362Z"
	},
	"__v": 0
}]

