[{
	"_id": {
		"$oid": "5cbef797793a6a001a6683e7"
	},
	"path": null,
	"parent": null,
	"__t": "reference-data-array",
	"type": "array",
	"value": [
		"Apple",
		"Samsung"
	],
	"valueType": "string",
	"name": "ManufactureList",
	"description": null,
	"createdAt": {
		"$date": "2019-04-23T11:31:35.607Z"
	},
	"updatedAt": {
		"$date": "2019-06-12T11:39:26.139Z"
	},
	"__v": 1
},
{
	"_id": {
		"$oid": "5cc064e21f059b001ad11a13"
	},
	"path": null,
	"parent": null,
	"__t": "reference-data-array",
	"type": "array",
	"value": [
		"Customer Details",
		"Device Details",
		"Summary",
		"Secure Payment"
	],
	"valueType": "string",
	"name": "MarketProgressTile",
	"description": null,
	"createdAt": {
		"$date": "2019-04-24T13:30:10.621Z"
	},
	"updatedAt": {
		"$date": "2019-04-24T13:30:10.621Z"
	},
	"__v": 0
},
{
	"_id": {
		"$oid": "5cc6a57f1f059b001ad12529"
	},
	"path": null,
	"parent": null,
	"__t": "reference-data-array",
	"type": "array",
	"value": [
		"Self Install",
		"Standard Tech"
	],
	"valueType": "string",
	"name": "installType",
	"description": "Type of installation",
	"createdAt": {
		"$date": "2019-04-29T07:19:27.719Z"
	},
	"updatedAt": {
		"$date": "2019-04-29T10:23:46.945Z"
	},
	"__v": 2
},
{
	"_id": {
		"$oid": "5cc6d8fb1f059b001ad1270a"
	},
	"path": null,
	"parent": null,
	"__t": "reference-data-array",
	"type": "array",
	"value": [
		"AL",
		"AK",
		"AZ",
		"AR",
		"CA",
		"CO",
		"CT",
		"DC",
		"DE",
		"FL",
		"GA",
		"HI",
		"ID",
		"IL",
		"IN",
		"IA",
		"KS",
		"KY",
		"LA",
		"ME",
		"MD",
		"MA",
		"MI",
		"MN",
		"MS",
		"MO",
		"MT",
		"NE",
		"NV",
		"NH",
		"NJ",
		"NM",
		"NY",
		"NC",
		"ND",
		"OH",
		"OK",
		"OR",
		"PA",
		"RI",
		"SC",
		"SD",
		"TN",
		"TX",
		"UT",
		"VT",
		"VA",
		"WA",
		"WV",
		"WI",
		"WY"
	],
	"valueType": "string",
	"name": "States",
	"description": null,
	"createdAt": {
		"$date": "2019-04-29T10:59:07.823Z"
	},
	"updatedAt": {
		"$date": "2019-04-29T10:59:07.823Z"
	},
	"__v": 0
},
{
	"_id": {
		"$oid": "5cc6d9311f059b001ad1270c"
	},
	"path": null,
	"parent": null,
	"__t": "reference-data-constant",
	"type": "constant",
	"value": "USD",
	"valueType": "string",
	"name": "Currency",
	"description": null,
	"createdAt": {
		"$date": "2019-04-29T11:00:01.311Z"
	},
	"updatedAt": {
		"$date": "2019-04-29T11:00:01.311Z"
	},
	"__v": 0
},
{
	"_id": {
		"$oid": "5ccafad9585173001a3202d1"
	},
	"path": null,
	"parent": null,
	"__t": "reference-data-array",
	"type": "array",
	"value": [
		"Address",
		"Services",
		"Internet",
		"TV",
		"Phone",
		"Offers",
		"Checkout",
		"Payment",
		"New"
	],
	"valueType": "string",
	"name": "ProgressTile",
	"description": null,
	"createdAt": {
		"$date": "2019-05-02T14:12:41.809Z"
	},
	"updatedAt": {
		"$date": "2019-05-10T08:39:55.647Z"
	},
	"__v": 2
},
{
	"_id": {
		"$oid": "5d89f970367be9001bb06921"
	},
	"path": null,
	"parent": null,
	"__t": "reference-data-table",
	"type": "table",
	"name": "PIMIdList",
	"description": "List of PIM ID",
	"tableSchema": [
		{
			"title": "FlowType",
			"primaryKey": true,
			"type": "string"
		},
		{
			"title": "PIMId",
			"primaryKey": false,
			"type": "string"
		},
		{
			"title": "Storename",
			"primaryKey": false,
			"type": "string"
		},
		{
			"title": "image",
			"primaryKey": false,
			"type": "string"
		}
	],
	"tableData": [
		{
			"FlowType": "Retail",
			"PIMId": "8a69d4796d639836016d6915f5450441",
			"Storename": "Retail Store",
			"image": "78Xo3FPH6tJCkBkaJgMsvc/e58b5ac7b778754e7095fccc11cdea5e/smart-home.jpeg?h=250"
		},
		{
			"FlowType": "Retail",
			"PIMId": "8a69d4796d639836016d6e3d5cea0e08",
			"Storename": "Wireless",
			"image": "4Eyx2fYNTuh2qNLh8IhmW8/0726941e04c7f42f89a29eed6db2e90a/Phone-Store.jpg?h=250"
		},
		{
			"FlowType": "Retail",
			"PIMId": "8a69d4796d639836016d6ce22c750c5c",
			"Storename": "Jewellery",
			"image": "2zfbpyLc0OeNscncBc9aA6/629a3a12bc1c81c5f191ecbaaaacd33f/Jewel.png?h=250"
		}
	],
	"createdAt": {
		"$date": "2019-09-24T11:09:36.756Z"
	},
	"updatedAt": {
		"$date": "2019-09-26T16:02:14.777Z"
	},
	"__v": 25
}]

