[{
	"_id": {
		"$oid": "5caeeddd3906cd001a7df699"
	},
	"httpProtocol": "HTTPS",
	"serviceProviderId": "5cadbd753906cd001a7def8c",
	"name": "Avalara",
	"requestType": "REST",
	"responseTimeoutMilliseconds": 5,
	"maxConnections": 100,
	"basicAuthenticationId": "5cadd7e83906cd001a7df29e",
	"invocations": [
		{
			"requestSchema": "JSON",
			"responseSchema": "JSON",
			"httpMethod": "POST",
			"pattern": "SYNC",
			"_id": {
				"$oid": "5caeedec3906cd001a7df69e"
			},
			"name": "Address",
			"endpointId": "5cadbe233906cd001a7defb7",
			"createdAt": {
				"$date": "2019-04-18T08:18:21.824Z"
			},
			"updatedAt": {
				"$date": "2019-04-18T08:18:21.824Z"
			}
		},
		{
			"requestSchema": "JSON",
			"responseSchema": "JSON",
			"httpMethod": "POST",
			"pattern": "SYNC",
			"_id": {
				"$oid": "5caeedfe3906cd001a7df6a0"
			},
			"name": "CalculateTax",
			"endpointId": "5caddf893906cd001a7df310",
			"createdAt": {
				"$date": "2019-04-18T08:18:21.824Z"
			},
			"updatedAt": {
				"$date": "2019-04-18T08:18:21.824Z"
			}
		}
	],
	"createdAt": {
		"$date": "2019-04-11T07:33:49.307Z"
	},
	"updatedAt": {
		"$date": "2019-04-18T08:18:21.824Z"
	},
	"__v": 1
},
{
	"_id": {
		"$oid": "5caf17203906cd001a7df82e"
	},
	"httpProtocol": "HTTPS",
	"serviceProviderId": "5caf16ae3906cd001a7df82a",
	"name": "VestaService",
	"requestType": "REST",
	"responseTimeoutMilliseconds": 5,
	"maxConnections": 100,
	"basicAuthenticationId": "5caf178a3906cd001a7df82f",
	"invocations": [
		{
			"requestSchema": "JSON",
			"responseSchema": "JSON",
			"httpMethod": "POST",
			"pattern": "SYNC",
			"_id": {
				"$oid": "5caf17b33906cd001a7df830"
			},
			"name": "GetSessionTags",
			"endpointId": "5caf16df3906cd001a7df82c",
			"createdAt": {
				"$date": "2019-04-18T08:18:21.822Z"
			},
			"updatedAt": {
				"$date": "2019-04-18T08:18:21.822Z"
			}
		},
		{
			"requestSchema": "JSON",
			"responseSchema": "JSON",
			"httpMethod": "POST",
			"pattern": "SYNC",
			"_id": {
				"$oid": "5caf17c43906cd001a7df833"
			},
			"name": "ChargePayment",
			"endpointId": "5caf170b3906cd001a7df82d",
			"createdAt": {
				"$date": "2019-04-18T08:18:21.822Z"
			},
			"updatedAt": {
				"$date": "2019-04-18T08:18:21.822Z"
			}
		}
	],
	"createdAt": {
		"$date": "2019-04-11T10:29:52.642Z"
	},
	"updatedAt": {
		"$date": "2019-04-18T08:18:21.822Z"
	},
	"__v": 1
},
{
	"_id": {
		"$oid": "5cb092713906cd001a7dfd7e"
	},
	"httpProtocol": "HTTPS",
	"serviceProviderId": "5cb092283906cd001a7dfd7b",
	"name": "DecoodaService",
	"requestType": "REST",
	"responseTimeoutMilliseconds": 5,
	"maxConnections": 100,
	"basicAuthenticationId": "5cb092ce3906cd001a7dfd82",
	"invocations": [
		{
			"requestSchema": "JSON",
			"responseSchema": "JSON",
			"httpMethod": "POST",
			"pattern": "SYNC",
			"_id": {
				"$oid": "5cb092f13906cd001a7dfd83"
			},
			"name": "authToken",
			"endpointId": "5cb0924f3906cd001a7dfd7d",
			"createdAt": {
				"$date": "2019-07-05T12:36:30.549Z"
			},
			"updatedAt": {
				"$date": "2019-07-05T12:36:30.549Z"
			}
		},
		{
			"requestSchema": "JSON",
			"responseSchema": "JSON",
			"httpMethod": "POST",
			"pattern": "SYNC",
			"_id": {
				"$oid": "5cb0932e3906cd001a7dfd86"
			},
			"name": "scores",
			"endpointId": "5cb0930e3906cd001a7dfd84",
			"createdAt": {
				"$date": "2019-07-05T12:36:30.549Z"
			},
			"updatedAt": {
				"$date": "2019-07-05T12:36:30.549Z"
			}
		}
	],
	"createdAt": {
		"$date": "2019-04-12T13:28:17.317Z"
	},
	"updatedAt": {
		"$date": "2019-04-18T08:18:21.816Z"
	},
	"__v": 1
},
{
	"_id": {
		"$oid": "5cb44382793a6a001a665b9a"
	},
	"httpProtocol": "HTTPS",
	"serviceProviderId": "5cb44260793a6a001a665b59",
	"name": "SNCR_Internal",
	"requestType": "REST",
	"responseTimeoutMilliseconds": 100,
	"maxConnections": 10,
	"basicAuthenticationId": null,
	"invocations": [
		{
			"requestSchema": "JSON",
			"responseSchema": "JSON",
			"httpMethod": "POST",
			"pattern": "SYNC",
			"_id": {
				"$oid": "5cb443aa793a6a001a665ba1"
			},
			"name": "serviceQual",
			"endpointId": "5cb442fb793a6a001a665b7d",
			"createdAt": {
				"$date": "2019-08-14T07:00:25.961Z"
			},
			"updatedAt": {
				"$date": "2019-08-14T07:00:25.961Z"
			}
		},
		{
			"requestSchema": "JSON",
			"responseSchema": "JSON",
			"httpMethod": "POST",
			"pattern": "SYNC",
			"_id": {
				"$oid": "5cb4461f793a6a001a665c04"
			},
			"name": "creditCheck",
			"endpointId": "5cb442fb793a6a001a665b7d",
			"createdAt": {
				"$date": "2019-08-14T07:00:25.961Z"
			},
			"updatedAt": {
				"$date": "2019-08-14T07:00:25.961Z"
			}
		},
		{
			"requestSchema": "JSON",
			"responseSchema": "JSON",
			"httpMethod": "POST",
			"pattern": "SYNC",
			"_id": {
				"$oid": "5cb44710793a6a001a665c30"
			},
			"name": "Order",
			"endpointId": "5cb442fb793a6a001a665b7d",
			"createdAt": {
				"$date": "2019-08-14T07:00:25.961Z"
			},
			"updatedAt": {
				"$date": "2019-08-14T07:00:25.961Z"
			}
		},
		{
			"requestSchema": "JSON",
			"responseSchema": "JSON",
			"httpMethod": "POST",
			"pattern": "SYNC",
			"_id": {
				"$oid": "5cb4479b793a6a001a665c66"
			},
			"name": "Inventory",
			"endpointId": "5cb442fb793a6a001a665b7d",
			"createdAt": {
				"$date": "2019-08-14T07:00:25.961Z"
			},
			"updatedAt": {
				"$date": "2019-08-14T07:00:25.961Z"
			}
		},
		{
			"requestSchema": "JSON",
			"responseSchema": "JSON",
			"httpMethod": "POST",
			"pattern": "SYNC",
			"_id": {
				"$oid": "5cb44862793a6a001a665c98"
			},
			"name": "rateplan",
			"endpointId": "5cb442fb793a6a001a665b7d",
			"createdAt": {
				"$date": "2019-08-14T07:00:25.961Z"
			},
			"updatedAt": {
				"$date": "2019-08-14T07:00:25.961Z"
			}
		},
		{
			"requestSchema": "JSON",
			"responseSchema": "JSON",
			"httpMethod": "POST",
			"pattern": "SYNC",
			"_id": {
				"$oid": "5cb44dc5793a6a001a665cee"
			},
			"name": "wireless",
			"endpointId": "5cb442fb793a6a001a665b7d",
			"createdAt": {
				"$date": "2019-08-14T07:00:25.961Z"
			},
			"updatedAt": {
				"$date": "2019-08-14T07:00:25.961Z"
			}
		},
		{
			"requestSchema": "JSON",
			"responseSchema": "JSON",
			"httpMethod": "POST",
			"pattern": "SYNC",
			"_id": {
				"$oid": "5cb44e29793a6a001a665cfc"
			},
			"name": "marketplace",
			"endpointId": "5cb442fb793a6a001a665b7d",
			"createdAt": {
				"$date": "2019-08-14T07:00:25.961Z"
			},
			"updatedAt": {
				"$date": "2019-08-14T07:00:25.961Z"
			}
		}
	],
	"createdAt": {
		"$date": "2019-04-15T08:40:34.934Z"
	},
	"updatedAt": {
		"$date": "2019-04-18T08:18:21.908Z"
	},
	"__v": 1
},
{
	"_id": {
		"$oid": "5cb8339f793a6a001a667c93"
	},
	"httpProtocol": "HTTPS",
	"serviceProviderId": "5cb832f3793a6a001a667c90",
	"name": "getDevices",
	"requestType": "REST",
	"responseTimeoutMilliseconds": 10,
	"maxConnections": 100,
	"basicAuthenticationId": null,
	"invocations": [
		{
			"requestSchema": "JSON",
			"responseSchema": "JSON",
			"httpMethod": "GET",
			"pattern": "SYNC",
			"_id": {
				"$oid": "5cb83422793a6a001a667c94"
			},
			"name": "getDeviceList",
			"endpointId": "5cb83356793a6a001a667c92"
		}
	],
	"createdAt": {
		"$date": "2019-04-18T08:21:51.624Z"
	},
	"updatedAt": {
		"$date": "2019-04-18T08:21:51.624Z"
	},
	"__v": 0
},
{
	"_id": {
		"$oid": "5cde6a4afc21d0001a1ec74a"
	},
	"httpProtocol": "HTTPS",
	"serviceProviderId": "5cde628bfc21d0001a1ec71f",
	"name": "TwilioService",
	"requestType": "REST",
	"responseTimeoutMilliseconds": 5,
	"maxConnections": 100,
	"basicAuthenticationId": null,
	"invocations": [
		{
			"requestSchema": "JSON",
			"responseSchema": "JSON",
			"httpMethod": "POST",
			"pattern": "SYNC",
			"_id": {
				"$oid": "5cde6babfc21d0001a1ec75e"
			},
			"name": "sendSms",
			"endpointId": "5cde6b7efc21d0001a1ec75d"
		}
	],
	"createdAt": {
		"$date": "2019-05-17T08:01:14.693Z"
	},
	"updatedAt": {
		"$date": "2019-05-17T08:01:14.693Z"
	},
	"__v": 0
},
{
	"_id": {
		"$oid": "5d6d10722977f9001b33f0f0"
	},
	"httpProtocol": "HTTPS",
	"serviceProviderId": "5d6d0ef02977f9001b33f0e7",
	"name": "CogntiveAnalysis",
	"requestType": "REST",
	"responseTimeoutMilliseconds": 5,
	"maxConnections": 100,
	"basicAuthenticationId": null,
	"invocations": [
		{
			"requestSchema": "JSON",
			"responseSchema": "JSON",
			"httpMethod": "POST",
			"pattern": "SYNC",
			"_id": {
				"$oid": "5d6d10842977f9001b33f0f1"
			},
			"name": "getToken",
			"endpointId": "5d6d0f2653d298001a42253f",
			"updatedAt": {
				"$date": "2019-09-02T12:54:15.072Z"
			},
			"createdAt": {
				"$date": "2019-09-02T12:54:15.072Z"
			}
		},
		{
			"requestSchema": "JSON",
			"responseSchema": "JSON",
			"httpMethod": "POST",
			"pattern": "SYNC",
			"_id": {
				"$oid": "5d6d10f753d298001a422553"
			},
			"name": "getScore",
			"endpointId": "5d6d0f4d2977f9001b33f0ea",
			"updatedAt": {
				"$date": "2019-09-02T12:54:15.072Z"
			},
			"createdAt": {
				"$date": "2019-09-02T12:54:15.072Z"
			}
		}
	],
	"createdAt": {
		"$date": "2019-09-02T12:52:02.764Z"
	},
	"updatedAt": {
		"$date": "2019-09-02T12:52:02.764Z"
	},
	"__v": 0
},
{
	"_id": {
		"$oid": "5d89e148792551001a0ac3b9"
	},
	"httpProtocol": "HTTPS",
	"serviceProviderId": "5d89e148cc2d53001aea0fa4",
	"name": "Catalogue",
	"requestType": "REST",
	"responseTimeoutMilliseconds": 5,
	"maxConnections": 100,
	"basicAuthenticationId": null,
	"invocations": [
		{
			"requestSchema": "JSON",
			"responseSchema": "JSON",
			"httpMethod": "GET",
			"pattern": "SYNC",
			"_id": {
				"$oid": "5d5e85adccad3c001acbda69"
			},
			"name": "GetCatalogs",
			"endpointId": "5d89e148cc2d53001aea0fa5",
			"updatedAt": {
				"$date": "2019-09-25T15:30:36.599Z"
			},
			"createdAt": {
				"$date": "2019-09-25T15:30:36.599Z"
			}
		},
		{
			"requestSchema": "JSON",
			"responseSchema": "JSON",
			"httpMethod": "GET",
			"pattern": "SYNC",
			"_id": {
				"$oid": "5d5fc92eccad3c001acbdb4d"
			},
			"name": "GetItemById",
			"endpointId": "5d89e148cc2d53001aea0fa6",
			"updatedAt": {
				"$date": "2019-09-25T15:30:36.599Z"
			},
			"createdAt": {
				"$date": "2019-09-25T15:30:36.599Z"
			}
		},
		{
			"requestSchema": "JSON",
			"responseSchema": "JSON",
			"httpMethod": "GET",
			"pattern": "SYNC",
			"_id": {
				"$oid": "5d80b0c4741ebf001b29a1d9"
			},
			"name": "GetCatalog",
			"endpointId": "5d89e148cc2d53001aea0fa7",
			"updatedAt": {
				"$date": "2019-09-25T15:30:36.599Z"
			},
			"createdAt": {
				"$date": "2019-09-25T15:30:36.599Z"
			}
		},
		{
			"requestSchema": "JSON",
			"responseSchema": "JSON",
			"httpMethod": "PUT",
			"pattern": "SYNC",
			"_id": {
				"$oid": "5d8b881cfa6218001bf4fb62"
			},
			"name": "UpdateItemById",
			"endpointId": "5d8b87a4a9aff1001a8b8c8f",
			"updatedAt": {
				"$date": "2019-09-25T15:30:36.599Z"
			},
			"createdAt": {
				"$date": "2019-09-25T15:30:36.599Z"
			}
		}
	],
	"createdAt": {
		"$date": "2019-08-22T12:07:33.034Z"
	},
	"updatedAt": {
		"$date": "2019-08-22T12:07:33.034Z"
	},
	"__v": 0
},
{
	"_id": {
		"$oid": "5d89e16a792551001a0ac3ba"
	},
	"httpProtocol": "HTTP",
	"serviceProviderId": "5d89e148cc2d53001aea0fa4",
	"name": "TestPIM",
	"requestType": "REST",
	"responseTimeoutMilliseconds": 5,
	"maxConnections": 100,
	"basicAuthenticationId": null,
	"invocations": [
		{
			"requestSchema": "JSON",
			"responseSchema": "JSON",
			"httpMethod": "POST",
			"pattern": "SYNC",
			"_id": {
				"$oid": "5d5e7192ccad3c001acbd9ea"
			},
			"name": "PIMInvocation",
			"endpointId": "5d89e16acc2d53001aea109c",
			"updatedAt": {
				"$date": "2019-08-22T10:42:26.048Z"
			},
			"createdAt": {
				"$date": "2019-08-22T10:42:26.048Z"
			}
		}
	],
	"createdAt": {
		"$date": "2019-08-22T10:40:13.039Z"
	},
	"updatedAt": {
		"$date": "2019-08-22T10:40:13.039Z"
	},
	"__v": 0
}]

