[{
	"_id": {
		"$oid": "5cadbe233906cd001a7defb7"
	},
	"serviceProviderId": "5cadbd753906cd001a7def8c",
	"name": "ValidateAddress",
	"host": "rest.avatax.com",
	"port": 443,
	"operationUrl": "api/v2/addresses/resolve",
	"createdAt": {
		"$date": "2019-04-10T09:57:55.816Z"
	},
	"updatedAt": {
		"$date": "2019-04-10T09:57:55.816Z"
	},
	"__v": 0
},
{
	"_id": {
		"$oid": "5caddf893906cd001a7df310"
	},
	"serviceProviderId": "5cadbd753906cd001a7def8c",
	"name": "CalculateTax",
	"host": "rest.avatax.com",
	"port": 443,
	"operationUrl": "api/v2/transactions/create",
	"createdAt": {
		"$date": "2019-04-10T12:20:25.028Z"
	},
	"updatedAt": {
		"$date": "2019-04-10T12:20:25.028Z"
	},
	"__v": 0
},
{
	"_id": {
		"$oid": "5caf16df3906cd001a7df82c"
	},
	"serviceProviderId": "5caf16ae3906cd001a7df82a",
	"name": "GetSession",
	"host": "vsafesandbox.ecustomersupport.com",
	"port": 443,
	"operationUrl": "GatewayV4Proxy/Service/GetSessionTags",
	"createdAt": {
		"$date": "2019-04-11T10:28:47.116Z"
	},
	"updatedAt": {
		"$date": "2019-04-11T10:28:47.116Z"
	},
	"__v": 0
},
{
	"_id": {
		"$oid": "5caf170b3906cd001a7df82d"
	},
	"serviceProviderId": "5caf16ae3906cd001a7df82a",
	"name": "Charge",
	"host": "vsafesandbox.ecustomersupport.com",
	"port": 443,
	"operationUrl": "GatewayV4Proxy/Service/ChargePaymentRequest",
	"createdAt": {
		"$date": "2019-04-11T10:29:31.417Z"
	},
	"updatedAt": {
		"$date": "2019-04-11T10:29:31.417Z"
	},
	"__v": 0
},
{
	"_id": {
		"$oid": "5cb0924f3906cd001a7dfd7d"
	},
	"serviceProviderId": "5cb092283906cd001a7dfd7b",
	"name": "token",
	"host": "api.staging.decooda.com",
	"port": 443,
	"operationUrl": "/api/access_token",
	"createdAt": {
		"$date": "2019-04-12T13:27:43.112Z"
	},
	"updatedAt": {
		"$date": "2019-04-12T13:27:43.112Z"
	},
	"__v": 0
},
{
	"_id": {
		"$oid": "5cb0930e3906cd001a7dfd84"
	},
	"serviceProviderId": "5cb092283906cd001a7dfd7b",
	"name": "score",
	"host": "api.staging.decooda.com",
	"port": 443,
	"operationUrl": "/api/score",
	"createdAt": {
		"$date": "2019-04-12T13:30:54.611Z"
	},
	"updatedAt": {
		"$date": "2019-04-12T13:30:54.611Z"
	},
	"__v": 0
},
{
	"_id": {
		"$oid": "5cb442fb793a6a001a665b7d"
	},
	"serviceProviderId": "5cb44260793a6a001a665b59",
	"name": "WiremockEndpoint",
	"host": "wiremock-sales.dxpdesign.dev.cloud.synchronoss.net",
	"port": 443,
	"operationUrl": "getCollection",
	"createdAt": {
		"$date": "2019-04-15T08:38:19.815Z"
	},
	"updatedAt": {
		"$date": "2019-04-15T08:38:19.815Z"
	},
	"__v": 0
},
{
	"_id": {
		"$oid": "5cb83356793a6a001a667c92"
	},
	"serviceProviderId": "5cb832f3793a6a001a667c90",
	"name": "phobio-mock",
	"host": "wiremock-sales.dxpdesign.dev.cloud.synchronoss.net",
	"port": 443,
	"operationUrl": "getCollection/{manufacturer}",
	"createdAt": {
		"$date": "2019-04-18T08:20:38.859Z"
	},
	"updatedAt": {
		"$date": "2019-04-18T08:20:38.859Z"
	},
	"__v": 0
},
{
	"_id": {
		"$oid": "5cde6b7efc21d0001a1ec75d"
	},
	"serviceProviderId": "5cde628bfc21d0001a1ec71f",
	"name": "sendSms",
	"host": "shadow-proxy.dxpdesign.dev.cloud.synchronoss.net",
	"port": 443,
	"operationUrl": "/proxy/2010-04-01/Accounts/ACc41d50128c15524d609294be407e6f0a/Messages.json",
	"createdAt": {
		"$date": "2019-05-17T08:06:23.004Z"
	},
	"updatedAt": {
		"$date": "2019-05-17T08:06:23.004Z"
	},
	"__v": 0
},
{
	"_id": {
		"$oid": "5d244fc67bed74001bcb3ee2"
	},
	"serviceProviderId": "5cd3f6f08e9141001af87940",
	"name": "test",
	"host": "localhost",
	"port": 80,
	"operationUrl": "/app",
	"createdAt": {
		"$date": "2019-07-09T08:26:46.975Z"
	},
	"updatedAt": {
		"$date": "2019-07-09T08:26:46.975Z"
	},
	"__v": 0
},
{
	"_id": {
		"$oid": "5d6d0f2653d298001a42253f"
	},
	"serviceProviderId": "5d6d0ef02977f9001b33f0e7",
	"name": "token",
	"host": "shadow-proxy.dxpdesign.dev.cloud.synchronoss.net",
	"port": 443,
	"operationUrl": "/proxy/api/access_token",
	"createdAt": {
		"$date": "2019-09-02T12:46:30.547Z"
	},
	"updatedAt": {
		"$date": "2019-09-02T12:46:30.547Z"
	},
	"__v": 0
},
{
	"_id": {
		"$oid": "5d6d0f4d2977f9001b33f0ea"
	},
	"serviceProviderId": "5d6d0ef02977f9001b33f0e7",
	"name": "score",
	"host": "shadow-proxy.dxpdesign.dev.cloud.synchronoss.net",
	"port": 443,
	"operationUrl": "/proxy/api/score",
	"createdAt": {
		"$date": "2019-09-02T12:47:09.587Z"
	},
	"updatedAt": {
		"$date": "2019-09-02T12:47:09.587Z"
	},
	"__v": 0
}]

