[{
	"_id": {
		"$oid": "5cbef797793a6a001a6683e7"
	},
	"path": null,
	"parent": null,
	"__t": "reference-data-array",
	"type": "array",
	"value": [
		"Apple",
		"Samsung"
	],
	"valueType": "string",
	"name": "ManufactureList",
	"description": null,
	"createdAt": {
		"$date": "2019-04-23T11:31:35.607Z"
	},
	"updatedAt": {
		"$date": "2019-06-12T11:39:26.139Z"
	},
	"__v": 1
},
{
	"_id": {
		"$oid": "5cc064e21f059b001ad11a13"
	},
	"path": null,
	"parent": null,
	"__t": "reference-data-array",
	"type": "array",
	"value": [
		"Customer Details",
		"Device Details",
		"Summary",
		"Secure Payment"
	],
	"valueType": "string",
	"name": "MarketProgressTile",
	"description": null,
	"createdAt": {
		"$date": "2019-04-24T13:30:10.621Z"
	},
	"updatedAt": {
		"$date": "2019-04-24T13:30:10.621Z"
	},
	"__v": 0
},
{
	"_id": {
		"$oid": "5cc6a57f1f059b001ad12529"
	},
	"path": null,
	"parent": null,
	"__t": "reference-data-array",
	"type": "array",
	"value": [
		"Self Install",
		"Standard Tech"
	],
	"valueType": "string",
	"name": "installType",
	"description": "Type of installation",
	"createdAt": {
		"$date": "2019-04-29T07:19:27.719Z"
	},
	"updatedAt": {
		"$date": "2019-04-29T10:23:46.945Z"
	},
	"__v": 2
},
{
	"_id": {
		"$oid": "5cc6d8fb1f059b001ad1270a"
	},
	"path": null,
	"parent": null,
	"__t": "reference-data-array",
	"type": "array",
	"value": [
		"AL",
		"AK",
		"AZ",
		"AR",
		"CA",
		"CO",
		"CT",
		"DC",
		"DE",
		"FL",
		"GA",
		"HI",
		"ID",
		"IL",
		"IN",
		"IA",
		"KS",
		"KY",
		"LA",
		"ME",
		"MD",
		"MA",
		"MI",
		"MN",
		"MS",
		"MO",
		"MT",
		"NE",
		"NV",
		"NH",
		"NJ",
		"NM",
		"NY",
		"NC",
		"ND",
		"OH",
		"OK",
		"OR",
		"PA",
		"RI",
		"SC",
		"SD",
		"TN",
		"TX",
		"UT",
		"VT",
		"VA",
		"WA",
		"WV",
		"WI",
		"WY"
	],
	"valueType": "string",
	"name": "States",
	"description": null,
	"createdAt": {
		"$date": "2019-04-29T10:59:07.823Z"
	},
	"updatedAt": {
		"$date": "2019-04-29T10:59:07.823Z"
	},
	"__v": 0
},
{
	"_id": {
		"$oid": "5cc6d9311f059b001ad1270c"
	},
	"path": null,
	"parent": null,
	"__t": "reference-data-constant",
	"type": "constant",
	"value": "USD",
	"valueType": "string",
	"name": "Currency",
	"description": null,
	"createdAt": {
		"$date": "2019-04-29T11:00:01.311Z"
	},
	"updatedAt": {
		"$date": "2019-04-29T11:00:01.311Z"
	},
	"__v": 0
},
{
	"_id": {
		"$oid": "5ccafad9585173001a3202d1"
	},
	"path": null,
	"parent": null,
	"__t": "reference-data-array",
	"type": "array",
	"value": [
		"Address",
		"Services",
		"Internet",
		"TV",
		"Phone",
		"Offers",
		"Checkout",
		"Payment",
		"New"
	],
	"valueType": "string",
	"name": "ProgressTile",
	"description": null,
	"createdAt": {
		"$date": "2019-05-02T14:12:41.809Z"
	},
	"updatedAt": {
		"$date": "2019-05-10T08:39:55.647Z"
	},
	"__v": 2
}]

