[{
	"_id": {
		"$oid": "5caca5843906cd001a7de4af"
	},
	"channels": {
		"master": {
			"nodes": [
				{
					"type": "feature",
					"left": 44,
					"top": 55,
					"nodeId": "5caca5a93906cd001a7de4b2",
					"text": "Login",
					"config": {
						"showMenu": false
					},
					"plumbConfig": {
						"behaviour": "start",
						"source": true,
						"target": false
					},
					"id": "47563e5a-9523-4cfe-b151-ebae7c77e81a"
				},
				{
					"type": "feature",
					"left": 308,
					"top": 62,
					"nodeId": "5caca7533906cd001a7de4d9",
					"text": "AppFlowController",
					"config": {
						"showMenu": false
					},
					"plumbConfig": {
						"behaviour": "feature",
						"source": true,
						"target": true
					},
					"id": "5a73966d-3c6c-4b2c-a996-da9f4de6294e"
				}
			],
			"ports": [
				{
					"id": "47563e5a-9523-4cfe-b151-ebae7c77e81a.source",
					"type": "featureSource"
				},
				{
					"id": "5a73966d-3c6c-4b2c-a996-da9f4de6294e.source",
					"type": "featureSource"
				},
				{
					"id": "5a73966d-3c6c-4b2c-a996-da9f4de6294e.target",
					"type": "featureTarget"
				}
			],
			"edges": [
				{
					"source": "47563e5a-9523-4cfe-b151-ebae7c77e81a.source",
					"target": "5a73966d-3c6c-4b2c-a996-da9f4de6294e.target",
					"data": {
						"id": "e0fa5069-78cb-41e1-a1cd-96f7e0f1c742",
						"type": "featureEdge"
					}
				}
			],
			"groups": []
		},
		"5cb5904f793a6a001a66679c": {
			"nodes": [
				{
					"type": "feature",
					"left": 508,
					"top": 195,
					"nodeId": "5caca7533906cd001a7de4d9",
					"text": "AppFlowController",
					"config": {
						"showMenu": false
					},
					"plumbConfig": {
						"behaviour": "feature",
						"source": true,
						"target": true
					},
					"id": "8eda0117-04d8-40ca-81c3-30b29d8d3a82"
				},
				{
					"type": "feature",
					"left": 212,
					"top": 146,
					"nodeId": "5caca5a93906cd001a7de4b2",
					"text": "Login",
					"config": {
						"showMenu": false
					},
					"plumbConfig": {
						"behaviour": "start",
						"source": true,
						"target": false
					},
					"id": "255a9933-4fee-4f6a-ad3b-9d9804dfaca8"
				}
			],
			"ports": [
				{
					"id": "8eda0117-04d8-40ca-81c3-30b29d8d3a82.source",
					"type": "featureSource"
				},
				{
					"id": "8eda0117-04d8-40ca-81c3-30b29d8d3a82.target",
					"type": "featureTarget"
				},
				{
					"id": "255a9933-4fee-4f6a-ad3b-9d9804dfaca8.source",
					"type": "featureSource"
				},
				{
					"id": "255a9933-4fee-4f6a-ad3b-9d9804dfaca8.target",
					"type": "featureTarget"
				}
			],
			"edges": [
				{
					"source": "255a9933-4fee-4f6a-ad3b-9d9804dfaca8.source",
					"target": "8eda0117-04d8-40ca-81c3-30b29d8d3a82.target",
					"data": {
						"id": "9a0ad7c8-890c-4184-a0ea-c072ee77ab5c",
						"type": "featureEdge"
					}
				}
			],
			"groups": []
		},
		"5cdea91dbcc8dd001a5e4679": {
			"nodes": [
				{
					"type": "feature",
					"left": 156,
					"top": 54,
					"nodeId": "5caca5a93906cd001a7de4b2",
					"text": "Login",
					"config": {
						"showMenu": false
					},
					"plumbConfig": {
						"behaviour": "start",
						"source": true,
						"target": false
					},
					"id": "387fdbc6-d069-4b36-9e65-b7649578ab8e"
				},
				{
					"type": "feature",
					"left": 305,
					"top": 225,
					"nodeId": "5caca7533906cd001a7de4d9",
					"text": "AppFlowController",
					"config": {
						"showMenu": false
					},
					"plumbConfig": {
						"behaviour": "feature",
						"source": true,
						"target": true
					},
					"id": "f42f1f45-4b3e-49a1-9805-a59863dfb6da"
				}
			],
			"ports": [
				{
					"id": "387fdbc6-d069-4b36-9e65-b7649578ab8e.source",
					"type": "featureSource"
				},
				{
					"id": "387fdbc6-d069-4b36-9e65-b7649578ab8e.target",
					"type": "featureTarget"
				},
				{
					"id": "f42f1f45-4b3e-49a1-9805-a59863dfb6da.source",
					"type": "featureSource"
				},
				{
					"id": "f42f1f45-4b3e-49a1-9805-a59863dfb6da.target",
					"type": "featureTarget"
				}
			],
			"edges": [
				{
					"source": "387fdbc6-d069-4b36-9e65-b7649578ab8e.source",
					"target": "f42f1f45-4b3e-49a1-9805-a59863dfb6da.target",
					"data": {
						"id": "0d0923b2-b8b2-432f-b0fd-bb25897efb13",
						"type": "featureEdge"
					}
				}
			],
			"groups": []
		}
	},
	"name": "default",
	"createdAt": {
		"$date": "2019-04-09T14:00:36.925Z"
	},
	"updatedAt": {
		"$date": "2019-07-31T13:35:09.555Z"
	},
	"__v": 0
},
{
	"_id": {
		"$oid": "5cacacb73906cd001a7de506"
	},
	"channels": {
		"master": {
			"nodes": [
				{
					"type": "feature",
					"left": 61,
					"top": 24,
					"nodeId": "5caca7533906cd001a7de4d9",
					"text": "AppFlowController",
					"config": {
						"showMenu": false
					},
					"plumbConfig": {
						"behaviour": "start",
						"source": true,
						"target": false
					},
					"id": "5d3dc293-b34b-418c-8800-faca79b9298f"
				},
				{
					"type": "feature",
					"left": 179,
					"top": 91,
					"nodeId": "5cacabac3906cd001a7de4f5",
					"text": "ServiceAvailability",
					"config": {
						"showMenu": false
					},
					"plumbConfig": {
						"behaviour": "feature",
						"source": true,
						"target": true
					},
					"id": "0cc3dca9-fca9-4d96-983e-c6eaef37071d"
				},
				{
					"type": "feature",
					"left": 178,
					"top": 196,
					"nodeId": "5cb049a23906cd001a7dfa76",
					"text": "Services",
					"config": {
						"showMenu": false
					},
					"plumbConfig": {
						"behaviour": "feature",
						"source": true,
						"target": true
					},
					"id": "931669c9-9596-46ab-81b0-38bb34fb4ec4"
				},
				{
					"type": "feature",
					"left": 468,
					"top": 233,
					"nodeId": "5cb04c2f3906cd001a7dfa81",
					"text": "Checkout",
					"config": {
						"showMenu": false
					},
					"plumbConfig": {
						"behaviour": "feature",
						"source": true,
						"target": true
					},
					"id": "f4961ff8-6e9c-4654-acbf-ca038f5c15b7"
				},
				{
					"decisionExpressions": [
						{
							"position": 0,
							"decisionExpressionId": "5cb45cc8793a6a001a665d84"
						},
						{
							"position": 9.007199254740991e+15,
							"decisionExpressionId": "default-else"
						}
					],
					"id": "1555324069793",
					"type": "decision",
					"left": 172,
					"top": 289,
					"nodeId": "1555324069793",
					"text": "Decision",
					"config": {
						"showMenu": false
					},
					"plumbConfig": {
						"behaviour": "decision",
						"source": true,
						"target": true
					}
				},
				{
					"type": "feature",
					"left": 537,
					"top": 475,
					"nodeId": "5cb084e33906cd001a7dfd2c",
					"text": "Payment",
					"config": {
						"showMenu": false
					},
					"plumbConfig": {
						"behaviour": "feature",
						"source": true,
						"target": true
					},
					"id": "c45045ae-2a47-4f82-b4bd-008867182525"
				},
				{
					"type": "feature",
					"left": 532,
					"top": 316,
					"nodeId": "5cb4208c793a6a001a66567c",
					"text": "CognitiveScore",
					"config": {
						"showMenu": false
					},
					"plumbConfig": {
						"behaviour": "feature",
						"source": true,
						"target": true
					},
					"id": "70ea0eb6-4f80-436a-8667-84b70eb42eb6"
				},
				{
					"type": "feature",
					"left": 529,
					"top": 385,
					"nodeId": "5cb084823906cd001a7dfd1f",
					"text": "CreditCheck",
					"config": {
						"showMenu": false
					},
					"plumbConfig": {
						"behaviour": "feature",
						"source": true,
						"target": true
					},
					"id": "140f1406-832b-4c62-87f2-54a9460816df"
				},
				{
					"type": "feature",
					"left": 519,
					"top": 556,
					"nodeId": "5cb4597a793a6a001a665d57",
					"text": "OrderConfirm",
					"config": {
						"showMenu": false
					},
					"plumbConfig": {
						"behaviour": "feature",
						"source": true,
						"target": true
					},
					"id": "23187bd1-ad23-400c-819f-10bd0dc965b1"
				}
			],
			"ports": [
				{
					"id": "5d3dc293-b34b-418c-8800-faca79b9298f.source",
					"type": "featureSource"
				},
				{
					"id": "0cc3dca9-fca9-4d96-983e-c6eaef37071d.source",
					"type": "featureSource"
				},
				{
					"id": "0cc3dca9-fca9-4d96-983e-c6eaef37071d.target",
					"type": "featureTarget"
				},
				{
					"id": "931669c9-9596-46ab-81b0-38bb34fb4ec4.source",
					"type": "featureSource"
				},
				{
					"id": "931669c9-9596-46ab-81b0-38bb34fb4ec4.target",
					"type": "featureTarget"
				},
				{
					"id": "f4961ff8-6e9c-4654-acbf-ca038f5c15b7.source",
					"type": "featureSource"
				},
				{
					"id": "f4961ff8-6e9c-4654-acbf-ca038f5c15b7.target",
					"type": "featureTarget"
				},
				{
					"id": "1555324069793.0",
					"type": "decisionSource"
				},
				{
					"id": "1555324069793.9007199254740991",
					"type": "decisionSource"
				},
				{
					"id": "1555324069793.target",
					"type": "decisionTarget"
				},
				{
					"id": "c45045ae-2a47-4f82-b4bd-008867182525.source",
					"type": "featureSource"
				},
				{
					"id": "c45045ae-2a47-4f82-b4bd-008867182525.target",
					"type": "featureTarget"
				},
				{
					"id": "70ea0eb6-4f80-436a-8667-84b70eb42eb6.source",
					"type": "featureSource"
				},
				{
					"id": "70ea0eb6-4f80-436a-8667-84b70eb42eb6.target",
					"type": "featureTarget"
				},
				{
					"id": "140f1406-832b-4c62-87f2-54a9460816df.source",
					"type": "featureSource"
				},
				{
					"id": "140f1406-832b-4c62-87f2-54a9460816df.target",
					"type": "featureTarget"
				},
				{
					"id": "23187bd1-ad23-400c-819f-10bd0dc965b1.source",
					"type": "featureSource"
				},
				{
					"id": "23187bd1-ad23-400c-819f-10bd0dc965b1.target",
					"type": "featureTarget"
				}
			],
			"edges": [
				{
					"source": "5d3dc293-b34b-418c-8800-faca79b9298f.source",
					"target": "0cc3dca9-fca9-4d96-983e-c6eaef37071d.target",
					"data": {
						"id": "9d1f6375-20b7-411c-b856-44b783009d5a",
						"type": "featureEdge"
					}
				},
				{
					"source": "0cc3dca9-fca9-4d96-983e-c6eaef37071d.source",
					"target": "931669c9-9596-46ab-81b0-38bb34fb4ec4.target",
					"data": {
						"id": "e4a6da96-f905-4b2d-8e76-7a50dbda9e59",
						"type": "featureEdge"
					}
				},
				{
					"source": "931669c9-9596-46ab-81b0-38bb34fb4ec4.source",
					"target": "f4961ff8-6e9c-4654-acbf-ca038f5c15b7.target",
					"data": {
						"id": "e220bc8f-4d8c-4b94-bb1e-ab90064f002f",
						"type": "featureEdge"
					}
				},
				{
					"source": "f4961ff8-6e9c-4654-acbf-ca038f5c15b7.source",
					"target": "1555324069793.target",
					"data": {
						"id": "8463ecd0-9030-4415-a61c-f49f30f2426f",
						"type": "featureEdge"
					}
				},
				{
					"source": "1555324069793.0",
					"target": "70ea0eb6-4f80-436a-8667-84b70eb42eb6.target",
					"data": {
						"id": "cc2828ea-978e-40fb-8571-54d626e1e3ee",
						"type": "decisionEdge"
					}
				},
				{
					"source": "1555324069793.9007199254740991",
					"target": "140f1406-832b-4c62-87f2-54a9460816df.target",
					"data": {
						"id": "fb521485-7f4b-4f56-a612-52460a2e2ed2",
						"type": "decisionEdge"
					}
				},
				{
					"source": "c45045ae-2a47-4f82-b4bd-008867182525.source",
					"target": "23187bd1-ad23-400c-819f-10bd0dc965b1.target",
					"data": {
						"id": "ce236e50-8800-4843-ba12-8f5f3715c3cf",
						"type": "featureEdge"
					}
				},
				{
					"source": "70ea0eb6-4f80-436a-8667-84b70eb42eb6.source",
					"target": "140f1406-832b-4c62-87f2-54a9460816df.target",
					"data": {
						"id": "534249a4-48a6-46d1-b148-04ffd4a0e712",
						"type": "featureEdge"
					}
				},
				{
					"source": "140f1406-832b-4c62-87f2-54a9460816df.source",
					"target": "c45045ae-2a47-4f82-b4bd-008867182525.target",
					"data": {
						"id": "5b156122-b3be-4c26-ac6a-7ca67e8cc807",
						"type": "featureEdge"
					}
				}
			],
			"groups": []
		},
		"5cdea91dbcc8dd001a5e4679": {
			"nodes": [
				{
					"type": "feature",
					"left": 69,
					"top": 32,
					"nodeId": "5caca7533906cd001a7de4d9",
					"text": "AppFlowController",
					"config": {
						"showMenu": false
					},
					"plumbConfig": {
						"behaviour": "start",
						"source": true,
						"target": false
					},
					"id": "6d015594-7d0c-43be-a328-7442121d7442"
				},
				{
					"type": "feature",
					"left": 105,
					"top": 112,
					"nodeId": "5cacabac3906cd001a7de4f5",
					"text": "ServiceAvailability",
					"config": {
						"showMenu": false
					},
					"plumbConfig": {
						"behaviour": "feature",
						"source": true,
						"target": true
					},
					"id": "9e8d71cd-c8db-4e51-8a77-302fd72e8493"
				},
				{
					"type": "feature",
					"left": 149,
					"top": 215,
					"nodeId": "5cb049a23906cd001a7dfa76",
					"text": "Services",
					"config": {
						"showMenu": false
					},
					"plumbConfig": {
						"behaviour": "feature",
						"source": true,
						"target": true
					},
					"id": "1cc21b0b-b1f3-4d1b-aba6-4e99f59f0c24"
				},
				{
					"type": "feature",
					"left": 166,
					"top": 313,
					"nodeId": "5cb04c2f3906cd001a7dfa81",
					"text": "Checkout",
					"config": {
						"showMenu": false
					},
					"plumbConfig": {
						"behaviour": "feature",
						"source": true,
						"target": true
					},
					"id": "0dd2fc71-2d2a-42fe-96c9-1620787255c7"
				},
				{
					"decisionExpressions": [
						{
							"position": 0,
							"decisionExpressionId": "5d41afa804925b001a14087a"
						},
						{
							"position": 9.007199254740991e+15,
							"decisionExpressionId": "default-else"
						}
					],
					"id": "1564585744411",
					"type": "decision",
					"left": 267,
					"top": 432,
					"nodeId": "1564585744411",
					"text": "Decision",
					"config": {
						"showMenu": false
					},
					"plumbConfig": {
						"behaviour": "decision",
						"source": true,
						"target": true
					}
				},
				{
					"type": "feature",
					"left": 576,
					"top": 66,
					"nodeId": "5cb4208c793a6a001a66567c",
					"text": "CognitiveScore",
					"config": {
						"showMenu": false
					},
					"plumbConfig": {
						"behaviour": "feature",
						"source": true,
						"target": true
					},
					"id": "2670612c-456d-4fc6-aa74-3e6b28b6d827"
				},
				{
					"type": "feature",
					"left": 630,
					"top": 189,
					"nodeId": "5cb084823906cd001a7dfd1f",
					"text": "CreditCheck",
					"config": {
						"showMenu": false
					},
					"plumbConfig": {
						"behaviour": "feature",
						"source": true,
						"target": true
					},
					"id": "e1144b36-7ed0-456e-8826-7ee2ea50a54a"
				},
				{
					"type": "feature",
					"left": 692,
					"top": 329,
					"nodeId": "5cb084e33906cd001a7dfd2c",
					"text": "Payment",
					"config": {
						"showMenu": false
					},
					"plumbConfig": {
						"behaviour": "feature",
						"source": true,
						"target": true
					},
					"id": "ca37c0db-685a-42f9-a6b8-2a0549e6eecc"
				},
				{
					"type": "feature",
					"left": 702,
					"top": 452,
					"nodeId": "5cb4597a793a6a001a665d57",
					"text": "OrderConfirm",
					"config": {
						"showMenu": false
					},
					"plumbConfig": {
						"behaviour": "feature",
						"source": true,
						"target": true
					},
					"id": "15c476d4-8288-4a92-ae54-23ada34ee6c8"
				}
			],
			"ports": [
				{
					"id": "6d015594-7d0c-43be-a328-7442121d7442.source",
					"type": "featureSource"
				},
				{
					"id": "6d015594-7d0c-43be-a328-7442121d7442.target",
					"type": "featureTarget"
				},
				{
					"id": "9e8d71cd-c8db-4e51-8a77-302fd72e8493.source",
					"type": "featureSource"
				},
				{
					"id": "9e8d71cd-c8db-4e51-8a77-302fd72e8493.target",
					"type": "featureTarget"
				},
				{
					"id": "1cc21b0b-b1f3-4d1b-aba6-4e99f59f0c24.source",
					"type": "featureSource"
				},
				{
					"id": "1cc21b0b-b1f3-4d1b-aba6-4e99f59f0c24.target",
					"type": "featureTarget"
				},
				{
					"id": "0dd2fc71-2d2a-42fe-96c9-1620787255c7.source",
					"type": "featureSource"
				},
				{
					"id": "0dd2fc71-2d2a-42fe-96c9-1620787255c7.target",
					"type": "featureTarget"
				},
				{
					"id": "1564585744411.9007199254740991",
					"type": "decisionSource"
				},
				{
					"id": "1564585744411.target",
					"type": "decisionTarget"
				},
				{
					"id": "1564585744411.0",
					"type": "decisionSource"
				},
				{
					"id": "2670612c-456d-4fc6-aa74-3e6b28b6d827.source",
					"type": "featureSource"
				},
				{
					"id": "2670612c-456d-4fc6-aa74-3e6b28b6d827.target",
					"type": "featureTarget"
				},
				{
					"id": "e1144b36-7ed0-456e-8826-7ee2ea50a54a.source",
					"type": "featureSource"
				},
				{
					"id": "e1144b36-7ed0-456e-8826-7ee2ea50a54a.target",
					"type": "featureTarget"
				},
				{
					"id": "ca37c0db-685a-42f9-a6b8-2a0549e6eecc.source",
					"type": "featureSource"
				},
				{
					"id": "ca37c0db-685a-42f9-a6b8-2a0549e6eecc.target",
					"type": "featureTarget"
				},
				{
					"id": "15c476d4-8288-4a92-ae54-23ada34ee6c8.source",
					"type": "featureSource"
				},
				{
					"id": "15c476d4-8288-4a92-ae54-23ada34ee6c8.target",
					"type": "featureTarget"
				}
			],
			"edges": [
				{
					"source": "6d015594-7d0c-43be-a328-7442121d7442.source",
					"target": "9e8d71cd-c8db-4e51-8a77-302fd72e8493.target",
					"data": {
						"id": "71ff1f6d-35a7-4c02-8c85-ed1fdbb661e8",
						"type": "featureEdge"
					}
				},
				{
					"source": "9e8d71cd-c8db-4e51-8a77-302fd72e8493.source",
					"target": "1cc21b0b-b1f3-4d1b-aba6-4e99f59f0c24.target",
					"data": {
						"id": "b4130ffa-0a11-4ea5-ae2d-fff38bba8b05",
						"type": "featureEdge"
					}
				},
				{
					"source": "1cc21b0b-b1f3-4d1b-aba6-4e99f59f0c24.source",
					"target": "0dd2fc71-2d2a-42fe-96c9-1620787255c7.target",
					"data": {
						"id": "b045700f-13aa-4dc5-b681-80f25052d901",
						"type": "featureEdge"
					}
				},
				{
					"source": "0dd2fc71-2d2a-42fe-96c9-1620787255c7.source",
					"target": "1564585744411.target",
					"data": {
						"id": "887f66a0-f3a7-4226-8f73-2eceff62a182",
						"type": "featureEdge"
					}
				},
				{
					"source": "1564585744411.9007199254740991",
					"target": "e1144b36-7ed0-456e-8826-7ee2ea50a54a.target",
					"data": {
						"id": "945bf2b7-13ed-43d6-94eb-135f072ab9b8",
						"type": "decisionEdge"
					}
				},
				{
					"source": "1564585744411.0",
					"target": "2670612c-456d-4fc6-aa74-3e6b28b6d827.target",
					"data": {
						"id": "3e19f240-977c-4de8-b410-dcbd04b598f2",
						"type": "decisionEdge"
					}
				},
				{
					"source": "2670612c-456d-4fc6-aa74-3e6b28b6d827.source",
					"target": "e1144b36-7ed0-456e-8826-7ee2ea50a54a.target",
					"data": {
						"id": "23de8ffe-77e4-4731-8211-93fb531f780e",
						"type": "featureEdge"
					}
				},
				{
					"source": "e1144b36-7ed0-456e-8826-7ee2ea50a54a.source",
					"target": "ca37c0db-685a-42f9-a6b8-2a0549e6eecc.target",
					"data": {
						"id": "3d897525-b87d-4ff8-9e1d-858be398bfb1",
						"type": "featureEdge"
					}
				},
				{
					"source": "ca37c0db-685a-42f9-a6b8-2a0549e6eecc.source",
					"target": "15c476d4-8288-4a92-ae54-23ada34ee6c8.target",
					"data": {
						"id": "8bb6bd86-59e7-4270-87b5-f503ccf8ddd5",
						"type": "featureEdge"
					}
				}
			],
			"groups": []
		}
	},
	"name": "broadband",
	"description": "",
	"createdAt": {
		"$date": "2019-04-09T14:31:19.411Z"
	},
	"updatedAt": {
		"$date": "2019-07-31T15:11:37.130Z"
	},
	"__v": 0
},
{
	"_id": {
		"$oid": "5cbec64a793a6a001a6681cd"
	},
	"channels": {
		"5cb5904f793a6a001a66679c": {
			"nodes": [
				{
					"type": "feature",
					"left": 227,
					"top": 72,
					"nodeId": "5caca7533906cd001a7de4d9",
					"text": "AppFlowController",
					"config": {
						"showMenu": false
					},
					"plumbConfig": {
						"behaviour": "start",
						"source": true,
						"target": false
					},
					"id": "9ad3531e-42ff-42d5-ac7c-bf5639d7c82e"
				},
				{
					"type": "feature",
					"left": 534,
					"top": 109,
					"nodeId": "5cbdc62d793a6a001a668024",
					"text": "TradeIn",
					"config": {
						"showMenu": false
					},
					"plumbConfig": {
						"behaviour": "feature",
						"source": true,
						"target": true
					},
					"id": "697944f4-1ac0-4efb-8aae-d84f25635295"
				}
			],
			"ports": [
				{
					"id": "9ad3531e-42ff-42d5-ac7c-bf5639d7c82e.source",
					"type": "featureSource"
				},
				{
					"id": "9ad3531e-42ff-42d5-ac7c-bf5639d7c82e.target",
					"type": "featureTarget"
				},
				{
					"id": "697944f4-1ac0-4efb-8aae-d84f25635295.source",
					"type": "featureSource"
				},
				{
					"id": "697944f4-1ac0-4efb-8aae-d84f25635295.target",
					"type": "featureTarget"
				}
			],
			"edges": [
				{
					"source": "9ad3531e-42ff-42d5-ac7c-bf5639d7c82e.source",
					"target": "697944f4-1ac0-4efb-8aae-d84f25635295.target",
					"data": {
						"id": "ff684087-0c63-44b5-ae02-7d3debf080b3",
						"type": "featureEdge"
					}
				}
			],
			"groups": []
		},
		"master": {
			"nodes": [
				{
					"type": "feature",
					"left": 348,
					"top": 263,
					"nodeId": "5caca7533906cd001a7de4d9",
					"text": "AppFlowController",
					"config": {
						"showMenu": false
					},
					"plumbConfig": {
						"behaviour": "start",
						"source": true,
						"target": false
					},
					"id": "158fe6ac-254a-48af-b94a-38e98d1e5dd1"
				},
				{
					"type": "feature",
					"left": 677,
					"top": 274,
					"nodeId": "5cbdc62d793a6a001a668024",
					"text": "TradeIn",
					"config": {
						"showMenu": false
					},
					"plumbConfig": {
						"behaviour": "feature",
						"source": true,
						"target": true
					},
					"id": "1a3cd6eb-f240-451a-b6bd-a61fcda864fa"
				}
			],
			"ports": [
				{
					"id": "158fe6ac-254a-48af-b94a-38e98d1e5dd1.source",
					"type": "featureSource"
				},
				{
					"id": "158fe6ac-254a-48af-b94a-38e98d1e5dd1.target",
					"type": "featureTarget"
				},
				{
					"id": "1a3cd6eb-f240-451a-b6bd-a61fcda864fa.source",
					"type": "featureSource"
				},
				{
					"id": "1a3cd6eb-f240-451a-b6bd-a61fcda864fa.target",
					"type": "featureTarget"
				}
			],
			"edges": [
				{
					"source": "158fe6ac-254a-48af-b94a-38e98d1e5dd1.source",
					"target": "1a3cd6eb-f240-451a-b6bd-a61fcda864fa.target",
					"data": {
						"id": "7ba3b9c8-5f31-4dab-8e3a-8c0ff591cdab",
						"type": "featureEdge"
					}
				}
			],
			"groups": []
		},
		"5cdea91dbcc8dd001a5e4679": {
			"nodes": [
				{
					"type": "feature",
					"left": 180,
					"top": 95,
					"nodeId": "5caca7533906cd001a7de4d9",
					"text": "AppFlowController",
					"config": {
						"showMenu": false
					},
					"plumbConfig": {
						"behaviour": "start",
						"source": true,
						"target": false
					},
					"id": "16ca99a9-2c48-4214-81e7-54bda50268f3"
				},
				{
					"type": "feature",
					"left": 384,
					"top": 203,
					"nodeId": "5cbdc62d793a6a001a668024",
					"text": "TradeIn",
					"config": {
						"showMenu": false
					},
					"plumbConfig": {
						"behaviour": "feature",
						"source": true,
						"target": true
					},
					"id": "68a8567d-3cc7-4150-889e-cd1e9d7f42b0"
				}
			],
			"ports": [
				{
					"id": "16ca99a9-2c48-4214-81e7-54bda50268f3.source",
					"type": "featureSource"
				},
				{
					"id": "16ca99a9-2c48-4214-81e7-54bda50268f3.target",
					"type": "featureTarget"
				},
				{
					"id": "68a8567d-3cc7-4150-889e-cd1e9d7f42b0.source",
					"type": "featureSource"
				},
				{
					"id": "68a8567d-3cc7-4150-889e-cd1e9d7f42b0.target",
					"type": "featureTarget"
				}
			],
			"edges": [
				{
					"source": "16ca99a9-2c48-4214-81e7-54bda50268f3.source",
					"target": "68a8567d-3cc7-4150-889e-cd1e9d7f42b0.target",
					"data": {
						"id": "86ad12a8-ab9b-45aa-9854-8771af117c78",
						"type": "featureEdge"
					}
				}
			],
			"groups": []
		}
	},
	"name": "tradein",
	"description": "",
	"createdAt": {
		"$date": "2019-04-23T08:01:14.837Z"
	},
	"updatedAt": {
		"$date": "2019-07-31T15:08:06.750Z"
	},
	"__v": 0
},
{
	"_id": {
		"$oid": "5cc014da793a6a001a66871d"
	},
	"channels": {
		"master": {
			"nodes": [
				{
					"type": "feature",
					"left": 56,
					"top": 60,
					"nodeId": "5caca7533906cd001a7de4d9",
					"text": "AppFlowController",
					"config": {
						"showMenu": false
					},
					"plumbConfig": {
						"behaviour": "start",
						"source": true,
						"target": false
					},
					"id": "06943c39-da12-465e-8283-470469c70e48"
				},
				{
					"type": "feature",
					"left": 63,
					"top": 203,
					"nodeId": "5cb47796793a6a001a665f2a",
					"text": "Shopping",
					"config": {
						"showMenu": false
					},
					"plumbConfig": {
						"behaviour": "feature",
						"source": true,
						"target": true
					},
					"id": "45953605-9329-4202-87b2-3a633bde1d85"
				},
				{
					"type": "feature",
					"left": 724,
					"top": 213,
					"nodeId": "5cb04c2f3906cd001a7dfa81",
					"text": "Checkout",
					"config": {
						"showMenu": false
					},
					"plumbConfig": {
						"behaviour": "feature",
						"source": true,
						"target": true
					},
					"id": "a4a67b51-fc48-4ef5-8085-3415751c3ddb"
				},
				{
					"type": "feature",
					"left": 522,
					"top": 365,
					"nodeId": "5cb4208c793a6a001a66567c",
					"text": "CognitiveScore",
					"config": {
						"showMenu": false
					},
					"plumbConfig": {
						"behaviour": "feature",
						"source": true,
						"target": true
					},
					"id": "e9ca5c22-240d-4029-97e3-51938ded863e"
				},
				{
					"decisionExpressions": [
						{
							"position": 0,
							"decisionExpressionId": "5cc0163e793a6a001a66872c"
						},
						{
							"position": 9.007199254740991e+15,
							"decisionExpressionId": "default-else"
						}
					],
					"id": "1556092320974",
					"type": "decision",
					"left": 46.293095525510566,
					"top": 344.42558727516507,
					"nodeId": "1556092320974",
					"text": "Decision",
					"config": {
						"showMenu": false
					},
					"plumbConfig": {
						"behaviour": "decision",
						"source": true,
						"target": true
					}
				},
				{
					"type": "feature",
					"left": 503,
					"top": 433,
					"nodeId": "5cb084e33906cd001a7dfd2c",
					"text": "Payment",
					"config": {
						"showMenu": false
					},
					"plumbConfig": {
						"behaviour": "feature",
						"source": true,
						"target": true
					},
					"id": "3b37c923-20bb-4f81-8872-3ebd9ffe165b"
				},
				{
					"type": "feature",
					"left": 508,
					"top": 510,
					"nodeId": "5cb4597a793a6a001a665d57",
					"text": "OrderConfirm",
					"config": {
						"showMenu": false
					},
					"plumbConfig": {
						"behaviour": "feature",
						"source": true,
						"target": true
					},
					"id": "b58cb228-7e7f-4a2e-8a64-34d51e8743dc"
				},
				{
					"type": "feature",
					"left": 61,
					"top": 134,
					"nodeId": "5cc015f5793a6a001a668727",
					"text": "MarketPlace",
					"config": {
						"showMenu": false
					},
					"plumbConfig": {
						"behaviour": "feature",
						"source": true,
						"target": true
					},
					"id": "8f0757f5-b16d-45b2-8b9c-7c1cf75f561b"
				},
				{
					"decisionExpressions": [
						{
							"position": 0,
							"decisionExpressionId": "5ce26e8afc21d0001a1ecbae"
						},
						{
							"position": 9.007199254740991e+15,
							"decisionExpressionId": "default-else"
						}
					],
					"id": "1558343223973",
					"type": "decision",
					"left": 389,
					"top": 93,
					"nodeId": "1558343223973",
					"text": "Decision",
					"config": {
						"showMenu": false
					},
					"plumbConfig": {
						"behaviour": "decision",
						"source": true,
						"target": true
					}
				},
				{
					"type": "feature",
					"left": 720,
					"top": 114,
					"nodeId": "5cbdc62d793a6a001a668024",
					"text": "TradeIn",
					"config": {
						"showMenu": false
					},
					"plumbConfig": {
						"behaviour": "feature",
						"source": true,
						"target": true
					},
					"id": "c340dedc-dc79-41fd-9249-c8dd77148a10"
				}
			],
			"ports": [
				{
					"id": "06943c39-da12-465e-8283-470469c70e48.source",
					"type": "featureSource"
				},
				{
					"id": "45953605-9329-4202-87b2-3a633bde1d85.source",
					"type": "featureSource"
				},
				{
					"id": "45953605-9329-4202-87b2-3a633bde1d85.target",
					"type": "featureTarget"
				},
				{
					"id": "a4a67b51-fc48-4ef5-8085-3415751c3ddb.source",
					"type": "featureSource"
				},
				{
					"id": "a4a67b51-fc48-4ef5-8085-3415751c3ddb.target",
					"type": "featureTarget"
				},
				{
					"id": "e9ca5c22-240d-4029-97e3-51938ded863e.source",
					"type": "featureSource"
				},
				{
					"id": "e9ca5c22-240d-4029-97e3-51938ded863e.target",
					"type": "featureTarget"
				},
				{
					"id": "1556092320974.0",
					"type": "decisionSource"
				},
				{
					"id": "1556092320974.9007199254740991",
					"type": "decisionSource"
				},
				{
					"id": "1556092320974.target",
					"type": "decisionTarget"
				},
				{
					"id": "3b37c923-20bb-4f81-8872-3ebd9ffe165b.source",
					"type": "featureSource"
				},
				{
					"id": "3b37c923-20bb-4f81-8872-3ebd9ffe165b.target",
					"type": "featureTarget"
				},
				{
					"id": "b58cb228-7e7f-4a2e-8a64-34d51e8743dc.source",
					"type": "featureSource"
				},
				{
					"id": "b58cb228-7e7f-4a2e-8a64-34d51e8743dc.target",
					"type": "featureTarget"
				},
				{
					"id": "8f0757f5-b16d-45b2-8b9c-7c1cf75f561b.source",
					"type": "featureSource"
				},
				{
					"id": "8f0757f5-b16d-45b2-8b9c-7c1cf75f561b.target",
					"type": "featureTarget"
				},
				{
					"id": "1558343223973.0",
					"type": "decisionSource"
				},
				{
					"id": "1558343223973.9007199254740991",
					"type": "decisionSource"
				},
				{
					"id": "1558343223973.target",
					"type": "decisionTarget"
				},
				{
					"id": "c340dedc-dc79-41fd-9249-c8dd77148a10.source",
					"type": "featureSource"
				},
				{
					"id": "c340dedc-dc79-41fd-9249-c8dd77148a10.target",
					"type": "featureTarget"
				}
			],
			"edges": [
				{
					"source": "06943c39-da12-465e-8283-470469c70e48.source",
					"target": "8f0757f5-b16d-45b2-8b9c-7c1cf75f561b.target",
					"data": {
						"id": "337a8893-c9df-4832-8a2d-45c335cadbef",
						"type": "featureEdge"
					}
				},
				{
					"source": "45953605-9329-4202-87b2-3a633bde1d85.source",
					"target": "1558343223973.target",
					"data": {
						"id": "538a158e-1374-42f0-b0d4-61c9c6b07f71",
						"type": "featureEdge"
					}
				},
				{
					"source": "a4a67b51-fc48-4ef5-8085-3415751c3ddb.source",
					"target": "1556092320974.target",
					"data": {
						"id": "7511adfd-41d5-45e7-9907-95adb22f10f0",
						"type": "featureEdge"
					}
				},
				{
					"source": "e9ca5c22-240d-4029-97e3-51938ded863e.source",
					"target": "3b37c923-20bb-4f81-8872-3ebd9ffe165b.target",
					"data": {
						"id": "d4c8a323-da67-44c3-890e-a68dc3a901c2",
						"type": "featureEdge"
					}
				},
				{
					"source": "1556092320974.0",
					"target": "e9ca5c22-240d-4029-97e3-51938ded863e.target",
					"data": {
						"id": "c35681f6-f293-4f3b-aac1-c246ee20c72c",
						"type": "decisionEdge"
					}
				},
				{
					"source": "1556092320974.9007199254740991",
					"target": "3b37c923-20bb-4f81-8872-3ebd9ffe165b.target",
					"data": {
						"id": "b0846cc4-0bcb-480f-b933-96e1e71eb367",
						"type": "decisionEdge"
					}
				},
				{
					"source": "3b37c923-20bb-4f81-8872-3ebd9ffe165b.source",
					"target": "b58cb228-7e7f-4a2e-8a64-34d51e8743dc.target",
					"data": {
						"id": "2f185c90-1ce8-421f-8dad-6092c459aec3",
						"type": "featureEdge"
					}
				},
				{
					"source": "8f0757f5-b16d-45b2-8b9c-7c1cf75f561b.source",
					"target": "45953605-9329-4202-87b2-3a633bde1d85.target",
					"data": {
						"id": "76944c62-f28f-4db6-a8a9-84770a73639e",
						"type": "featureEdge"
					}
				},
				{
					"source": "1558343223973.0",
					"target": "c340dedc-dc79-41fd-9249-c8dd77148a10.target",
					"data": {
						"id": "07efd995-bef1-4181-94c6-45a325812c71",
						"type": "decisionEdge"
					}
				},
				{
					"source": "1558343223973.9007199254740991",
					"target": "a4a67b51-fc48-4ef5-8085-3415751c3ddb.target",
					"data": {
						"id": "895adb98-ed4d-45a3-bfc2-1c8297e71052",
						"type": "decisionEdge"
					}
				},
				{
					"source": "c340dedc-dc79-41fd-9249-c8dd77148a10.source",
					"target": "a4a67b51-fc48-4ef5-8085-3415751c3ddb.target",
					"data": {
						"id": "3976a688-ad43-47e2-a70e-a05df497d1d3",
						"type": "featureEdge"
					}
				}
			],
			"groups": []
		},
		"5cb5904f793a6a001a66679c": {
			"nodes": [
				{
					"type": "feature",
					"left": 47,
					"top": 67,
					"nodeId": "5caca7533906cd001a7de4d9",
					"text": "AppFlowController",
					"config": {
						"showMenu": false
					},
					"plumbConfig": {
						"behaviour": "start",
						"source": true,
						"target": false
					},
					"id": "40333794-2888-4238-9b98-8dc8d7f2f44d"
				},
				{
					"type": "feature",
					"left": 51,
					"top": 147,
					"nodeId": "5cc015f5793a6a001a668727",
					"text": "MarketPlace",
					"config": {
						"showMenu": false
					},
					"plumbConfig": {
						"behaviour": "feature",
						"source": true,
						"target": true
					},
					"id": "37cebecc-95a4-40d8-9013-ace470a185c5"
				},
				{
					"type": "feature",
					"left": 51,
					"top": 230,
					"nodeId": "5cb47796793a6a001a665f2a",
					"text": "Shopping",
					"config": {
						"showMenu": false
					},
					"plumbConfig": {
						"behaviour": "feature",
						"source": true,
						"target": true
					},
					"id": "396f4607-80c0-46e3-a214-25c0f63ac87c"
				},
				{
					"decisionExpressions": [
						{
							"position": 0,
							"decisionExpressionId": "5cc2aba01f059b001ad12041"
						},
						{
							"position": 9.007199254740991e+15,
							"decisionExpressionId": "default-else"
						}
					],
					"id": "1556261506185",
					"type": "decision",
					"left": 53,
					"top": 331,
					"nodeId": "1556261506185",
					"text": "Decision",
					"config": {
						"showMenu": false
					},
					"plumbConfig": {
						"behaviour": "decision",
						"source": true,
						"target": true
					}
				},
				{
					"type": "feature",
					"left": 338,
					"top": 307,
					"nodeId": "5cbdc62d793a6a001a668024",
					"text": "TradeIn",
					"config": {
						"showMenu": false
					},
					"plumbConfig": {
						"behaviour": "feature",
						"source": true,
						"target": true
					},
					"id": "23621936-2b20-4b19-94dc-95d95111a662"
				},
				{
					"type": "feature",
					"left": 334,
					"top": 385,
					"nodeId": "5cb04c2f3906cd001a7dfa81",
					"text": "Checkout",
					"config": {
						"showMenu": false
					},
					"plumbConfig": {
						"behaviour": "feature",
						"source": true,
						"target": true
					},
					"id": "61ba00f8-ae44-444d-b403-5f88cfac0107"
				},
				{
					"decisionExpressions": [
						{
							"position": 0,
							"decisionExpressionId": "5cc2ac3f1f059b001ad1204d"
						},
						{
							"position": 9.007199254740991e+15,
							"decisionExpressionId": "default-else"
						}
					],
					"id": "1556261533659",
					"type": "decision",
					"left": 348,
					"top": 490,
					"nodeId": "1556261533659",
					"text": "Decision",
					"config": {
						"showMenu": false
					},
					"plumbConfig": {
						"behaviour": "decision",
						"source": true,
						"target": true
					}
				},
				{
					"type": "feature",
					"left": 687,
					"top": 314,
					"nodeId": "5cb4208c793a6a001a66567c",
					"text": "CognitiveScore",
					"config": {
						"showMenu": false
					},
					"plumbConfig": {
						"behaviour": "feature",
						"source": true,
						"target": true
					},
					"id": "c80639b8-2a37-492f-bb1e-0992964da874"
				},
				{
					"type": "feature",
					"left": 687,
					"top": 388,
					"nodeId": "5cb084e33906cd001a7dfd2c",
					"text": "Payment",
					"config": {
						"showMenu": false
					},
					"plumbConfig": {
						"behaviour": "feature",
						"source": true,
						"target": true
					},
					"id": "08d6e8a4-d227-4323-8a31-601c75db9a8f"
				},
				{
					"type": "feature",
					"left": 688,
					"top": 462,
					"nodeId": "5cb4597a793a6a001a665d57",
					"text": "OrderConfirm",
					"config": {
						"showMenu": false
					},
					"plumbConfig": {
						"behaviour": "feature",
						"source": true,
						"target": true
					},
					"id": "949d081c-dda8-48b1-85bc-bcd18c00119d"
				}
			],
			"ports": [
				{
					"id": "40333794-2888-4238-9b98-8dc8d7f2f44d.source",
					"type": "featureSource"
				},
				{
					"id": "40333794-2888-4238-9b98-8dc8d7f2f44d.target",
					"type": "featureTarget"
				},
				{
					"id": "37cebecc-95a4-40d8-9013-ace470a185c5.source",
					"type": "featureSource"
				},
				{
					"id": "37cebecc-95a4-40d8-9013-ace470a185c5.target",
					"type": "featureTarget"
				},
				{
					"id": "396f4607-80c0-46e3-a214-25c0f63ac87c.source",
					"type": "featureSource"
				},
				{
					"id": "396f4607-80c0-46e3-a214-25c0f63ac87c.target",
					"type": "featureTarget"
				},
				{
					"id": "1556261506185.9007199254740991",
					"type": "decisionSource"
				},
				{
					"id": "1556261506185.target",
					"type": "decisionTarget"
				},
				{
					"id": "1556261506185.0",
					"type": "decisionSource"
				},
				{
					"id": "23621936-2b20-4b19-94dc-95d95111a662.source",
					"type": "featureSource"
				},
				{
					"id": "23621936-2b20-4b19-94dc-95d95111a662.target",
					"type": "featureTarget"
				},
				{
					"id": "61ba00f8-ae44-444d-b403-5f88cfac0107.source",
					"type": "featureSource"
				},
				{
					"id": "61ba00f8-ae44-444d-b403-5f88cfac0107.target",
					"type": "featureTarget"
				},
				{
					"id": "1556261533659.9007199254740991",
					"type": "decisionSource"
				},
				{
					"id": "1556261533659.target",
					"type": "decisionTarget"
				},
				{
					"id": "1556261533659.0",
					"type": "decisionSource"
				},
				{
					"id": "c80639b8-2a37-492f-bb1e-0992964da874.source",
					"type": "featureSource"
				},
				{
					"id": "c80639b8-2a37-492f-bb1e-0992964da874.target",
					"type": "featureTarget"
				},
				{
					"id": "08d6e8a4-d227-4323-8a31-601c75db9a8f.source",
					"type": "featureSource"
				},
				{
					"id": "08d6e8a4-d227-4323-8a31-601c75db9a8f.target",
					"type": "featureTarget"
				},
				{
					"id": "949d081c-dda8-48b1-85bc-bcd18c00119d.source",
					"type": "featureSource"
				},
				{
					"id": "949d081c-dda8-48b1-85bc-bcd18c00119d.target",
					"type": "featureTarget"
				}
			],
			"edges": [
				{
					"source": "40333794-2888-4238-9b98-8dc8d7f2f44d.source",
					"target": "37cebecc-95a4-40d8-9013-ace470a185c5.target",
					"data": {
						"id": "02380b70-5e06-4bd1-b9c0-140b0090a084",
						"type": "featureEdge"
					}
				},
				{
					"source": "37cebecc-95a4-40d8-9013-ace470a185c5.source",
					"target": "396f4607-80c0-46e3-a214-25c0f63ac87c.target",
					"data": {
						"id": "e70ef4f1-d98a-485c-a44a-f1eae5a6e326",
						"type": "featureEdge"
					}
				},
				{
					"source": "396f4607-80c0-46e3-a214-25c0f63ac87c.source",
					"target": "1556261506185.target",
					"data": {
						"id": "89752706-76e4-490c-a5cd-da36ad22d241",
						"type": "featureEdge"
					}
				},
				{
					"source": "1556261506185.9007199254740991",
					"target": "61ba00f8-ae44-444d-b403-5f88cfac0107.target",
					"data": {
						"id": "e60f3ed5-f354-49b0-94f1-c7f2fd55c84f",
						"type": "decisionEdge"
					}
				},
				{
					"source": "1556261506185.0",
					"target": "23621936-2b20-4b19-94dc-95d95111a662.target",
					"data": {
						"id": "acfb8d5a-be68-493a-b141-23a9c1023715",
						"type": "decisionEdge"
					}
				},
				{
					"source": "23621936-2b20-4b19-94dc-95d95111a662.source",
					"target": "61ba00f8-ae44-444d-b403-5f88cfac0107.target",
					"data": {
						"id": "0b316406-c367-4bb9-b9d7-d777a060dfd2",
						"type": "featureEdge"
					}
				},
				{
					"source": "61ba00f8-ae44-444d-b403-5f88cfac0107.source",
					"target": "1556261533659.target",
					"data": {
						"id": "31b3fb2a-51e1-4593-b08f-54fc00e0432c",
						"type": "featureEdge"
					}
				},
				{
					"source": "1556261533659.9007199254740991",
					"target": "08d6e8a4-d227-4323-8a31-601c75db9a8f.target",
					"data": {
						"id": "01889121-d6bd-4779-9847-be573ea19493",
						"type": "decisionEdge"
					}
				},
				{
					"source": "1556261533659.0",
					"target": "c80639b8-2a37-492f-bb1e-0992964da874.target",
					"data": {
						"id": "ac002f36-408a-458b-bc6c-cfe60a158d13",
						"type": "decisionEdge"
					}
				},
				{
					"source": "c80639b8-2a37-492f-bb1e-0992964da874.source",
					"target": "08d6e8a4-d227-4323-8a31-601c75db9a8f.target",
					"data": {
						"id": "7b66910e-1db6-4a4b-903d-c6382fb5dce1",
						"type": "featureEdge"
					}
				},
				{
					"source": "08d6e8a4-d227-4323-8a31-601c75db9a8f.source",
					"target": "949d081c-dda8-48b1-85bc-bcd18c00119d.target",
					"data": {
						"id": "2a1e88ec-9ab2-4732-80f1-b382b840a48b",
						"type": "featureEdge"
					}
				}
			],
			"groups": []
		},
		"5cdea91dbcc8dd001a5e4679": {
			"nodes": [
				{
					"type": "feature",
					"left": 77,
					"top": 59,
					"nodeId": "5caca7533906cd001a7de4d9",
					"text": "AppFlowController",
					"config": {
						"showMenu": false
					},
					"plumbConfig": {
						"behaviour": "start",
						"source": true,
						"target": false
					},
					"id": "5de8d1a3-956e-4c28-84a1-b485ddb4fa21"
				},
				{
					"type": "feature",
					"left": 134,
					"top": 148,
					"nodeId": "5cc015f5793a6a001a668727",
					"text": "MarketPlace",
					"config": {
						"showMenu": false
					},
					"plumbConfig": {
						"behaviour": "feature",
						"source": true,
						"target": true
					},
					"id": "429896d3-a60e-4b5e-8903-45fedfc8c7fb"
				},
				{
					"type": "feature",
					"left": 208,
					"top": 230,
					"nodeId": "5cb47796793a6a001a665f2a",
					"text": "Shopping",
					"config": {
						"showMenu": false
					},
					"plumbConfig": {
						"behaviour": "feature",
						"source": true,
						"target": true
					},
					"id": "a37b3d15-16f4-4109-9b92-21b465faa454"
				},
				{
					"decisionExpressions": [
						{
							"position": 0,
							"decisionExpressionId": "5d41ab4304925b001a140873"
						},
						{
							"position": 9.007199254740991e+15,
							"decisionExpressionId": "default-else"
						}
					],
					"id": "1564584422487",
					"type": "decision",
					"left": 140,
					"top": 341,
					"nodeId": "1564584422487",
					"text": "Decision",
					"config": {
						"showMenu": false
					},
					"plumbConfig": {
						"behaviour": "decision",
						"source": true,
						"target": true
					}
				},
				{
					"type": "feature",
					"left": 560,
					"top": 188,
					"nodeId": "5cbdc62d793a6a001a668024",
					"text": "TradeIn",
					"config": {
						"showMenu": false
					},
					"plumbConfig": {
						"behaviour": "feature",
						"source": true,
						"target": true
					},
					"id": "0533836c-516c-49dc-8b12-0c8e2a70502a"
				},
				{
					"type": "feature",
					"left": 547,
					"top": 304,
					"nodeId": "5cb04c2f3906cd001a7dfa81",
					"text": "Checkout",
					"config": {
						"showMenu": false
					},
					"plumbConfig": {
						"behaviour": "feature",
						"source": true,
						"target": true
					},
					"id": "45d7b0d9-a4f1-4793-920a-cd02953f1e97"
				},
				{
					"decisionExpressions": [
						{
							"position": 0,
							"decisionExpressionId": "5d41ab44da8b26001a535219"
						},
						{
							"position": 9.007199254740991e+15,
							"decisionExpressionId": "default-else"
						}
					],
					"id": "1564584573889",
					"type": "decision",
					"left": 522,
					"top": 414,
					"nodeId": "1564584573889",
					"text": "Decision",
					"config": {
						"showMenu": false
					},
					"plumbConfig": {
						"behaviour": "decision",
						"source": true,
						"target": true
					}
				},
				{
					"type": "feature",
					"left": 887,
					"top": 196,
					"nodeId": "5cb4208c793a6a001a66567c",
					"text": "CognitiveScore",
					"config": {
						"showMenu": false
					},
					"plumbConfig": {
						"behaviour": "feature",
						"source": true,
						"target": true
					},
					"id": "66ace618-68a5-47b1-ba1d-c393501edda9"
				},
				{
					"type": "feature",
					"left": 877,
					"top": 307,
					"nodeId": "5cb084e33906cd001a7dfd2c",
					"text": "Payment",
					"config": {
						"showMenu": false
					},
					"plumbConfig": {
						"behaviour": "feature",
						"source": true,
						"target": true
					},
					"id": "99fde365-ca20-45b3-846b-cb7f6996b655"
				},
				{
					"type": "feature",
					"left": 878,
					"top": 446,
					"nodeId": "5cb4597a793a6a001a665d57",
					"text": "OrderConfirm",
					"config": {
						"showMenu": false
					},
					"plumbConfig": {
						"behaviour": "feature",
						"source": true,
						"target": true
					},
					"id": "499f9474-a868-42bf-9a7a-024148ba42f4"
				}
			],
			"ports": [
				{
					"id": "5de8d1a3-956e-4c28-84a1-b485ddb4fa21.source",
					"type": "featureSource"
				},
				{
					"id": "5de8d1a3-956e-4c28-84a1-b485ddb4fa21.target",
					"type": "featureTarget"
				},
				{
					"id": "429896d3-a60e-4b5e-8903-45fedfc8c7fb.source",
					"type": "featureSource"
				},
				{
					"id": "429896d3-a60e-4b5e-8903-45fedfc8c7fb.target",
					"type": "featureTarget"
				},
				{
					"id": "a37b3d15-16f4-4109-9b92-21b465faa454.source",
					"type": "featureSource"
				},
				{
					"id": "a37b3d15-16f4-4109-9b92-21b465faa454.target",
					"type": "featureTarget"
				},
				{
					"id": "1564584422487.9007199254740991",
					"type": "decisionSource"
				},
				{
					"id": "1564584422487.target",
					"type": "decisionTarget"
				},
				{
					"id": "1564584422487.0",
					"type": "decisionSource"
				},
				{
					"id": "0533836c-516c-49dc-8b12-0c8e2a70502a.source",
					"type": "featureSource"
				},
				{
					"id": "0533836c-516c-49dc-8b12-0c8e2a70502a.target",
					"type": "featureTarget"
				},
				{
					"id": "45d7b0d9-a4f1-4793-920a-cd02953f1e97.source",
					"type": "featureSource"
				},
				{
					"id": "45d7b0d9-a4f1-4793-920a-cd02953f1e97.target",
					"type": "featureTarget"
				},
				{
					"id": "1564584573889.9007199254740991",
					"type": "decisionSource"
				},
				{
					"id": "1564584573889.target",
					"type": "decisionTarget"
				},
				{
					"id": "1564584573889.0",
					"type": "decisionSource"
				},
				{
					"id": "66ace618-68a5-47b1-ba1d-c393501edda9.source",
					"type": "featureSource"
				},
				{
					"id": "66ace618-68a5-47b1-ba1d-c393501edda9.target",
					"type": "featureTarget"
				},
				{
					"id": "99fde365-ca20-45b3-846b-cb7f6996b655.source",
					"type": "featureSource"
				},
				{
					"id": "99fde365-ca20-45b3-846b-cb7f6996b655.target",
					"type": "featureTarget"
				},
				{
					"id": "499f9474-a868-42bf-9a7a-024148ba42f4.source",
					"type": "featureSource"
				},
				{
					"id": "499f9474-a868-42bf-9a7a-024148ba42f4.target",
					"type": "featureTarget"
				}
			],
			"edges": [
				{
					"source": "5de8d1a3-956e-4c28-84a1-b485ddb4fa21.source",
					"target": "429896d3-a60e-4b5e-8903-45fedfc8c7fb.target",
					"data": {
						"id": "d00ac709-072f-4b26-9333-88def5b5ec31",
						"type": "featureEdge"
					}
				},
				{
					"source": "429896d3-a60e-4b5e-8903-45fedfc8c7fb.source",
					"target": "a37b3d15-16f4-4109-9b92-21b465faa454.target",
					"data": {
						"id": "1b78ba77-88cc-4a41-bb5c-1f9c6ff7370e",
						"type": "featureEdge"
					}
				},
				{
					"source": "a37b3d15-16f4-4109-9b92-21b465faa454.source",
					"target": "1564584422487.target",
					"data": {
						"id": "76a9c141-4a35-4b7b-b412-a784e71f1c29",
						"type": "featureEdge"
					}
				},
				{
					"source": "1564584422487.9007199254740991",
					"target": "45d7b0d9-a4f1-4793-920a-cd02953f1e97.target",
					"data": {
						"id": "d7095c37-52be-43f1-ad64-9b3405ee2146",
						"type": "decisionEdge"
					}
				},
				{
					"source": "1564584422487.0",
					"target": "0533836c-516c-49dc-8b12-0c8e2a70502a.target",
					"data": {
						"id": "2677e214-814f-4e46-8a79-cf5ba046d405",
						"type": "decisionEdge"
					}
				},
				{
					"source": "0533836c-516c-49dc-8b12-0c8e2a70502a.source",
					"target": "45d7b0d9-a4f1-4793-920a-cd02953f1e97.target",
					"data": {
						"id": "399aa607-076a-4cdc-8243-7ff3c593398f",
						"type": "featureEdge"
					}
				},
				{
					"source": "45d7b0d9-a4f1-4793-920a-cd02953f1e97.source",
					"target": "1564584573889.target",
					"data": {
						"id": "4ac419c7-7c42-4bd9-9e37-3101b3369d62",
						"type": "featureEdge"
					}
				},
				{
					"source": "1564584573889.9007199254740991",
					"target": "99fde365-ca20-45b3-846b-cb7f6996b655.target",
					"data": {
						"id": "a326a490-9929-42b0-811d-4138b64232a3",
						"type": "decisionEdge"
					}
				},
				{
					"source": "1564584573889.0",
					"target": "66ace618-68a5-47b1-ba1d-c393501edda9.target",
					"data": {
						"id": "e54bf10d-8abf-4d9e-9deb-363faafc0c24",
						"type": "decisionEdge"
					}
				},
				{
					"source": "66ace618-68a5-47b1-ba1d-c393501edda9.source",
					"target": "99fde365-ca20-45b3-846b-cb7f6996b655.target",
					"data": {
						"id": "a91370e4-1f24-4e87-8469-2b94656f28a9",
						"type": "featureEdge"
					}
				},
				{
					"source": "99fde365-ca20-45b3-846b-cb7f6996b655.source",
					"target": "499f9474-a868-42bf-9a7a-024148ba42f4.target",
					"data": {
						"id": "4d88a520-4748-4602-a10e-c9ac78c9a674",
						"type": "featureEdge"
					}
				}
			],
			"groups": []
		}
	},
	"name": "wireless",
	"description": "",
	"createdAt": {
		"$date": "2019-04-24T07:48:42.217Z"
	},
	"updatedAt": {
		"$date": "2019-07-31T14:52:52.556Z"
	},
	"__v": 0
},
{
	"_id": {
		"$oid": "5cc01bb41f059b001ad1183d"
	},
	"channels": {
		"master": {
			"nodes": [
				{
					"type": "feature",
					"left": 109,
					"top": 73,
					"nodeId": "5caca7533906cd001a7de4d9",
					"text": "AppFlowController",
					"config": {
						"showMenu": false
					},
					"plumbConfig": {
						"behaviour": "start",
						"source": true,
						"target": false
					},
					"id": "98b471f8-6743-455f-add9-c0fe9963a618"
				},
				{
					"type": "feature",
					"left": 107,
					"top": 189,
					"nodeId": "5cc015f5793a6a001a668727",
					"text": "MarketPlace",
					"config": {
						"showMenu": false
					},
					"plumbConfig": {
						"behaviour": "feature",
						"source": true,
						"target": true
					},
					"id": "f0b2b8d8-3266-4d82-a63e-4a884a2029b8"
				},
				{
					"type": "feature",
					"left": 109,
					"top": 281,
					"nodeId": "5cb47796793a6a001a665f2a",
					"text": "Shopping",
					"config": {
						"showMenu": false
					},
					"plumbConfig": {
						"behaviour": "feature",
						"source": true,
						"target": true
					},
					"id": "53d214a8-39cc-43df-b92e-ed4ca41f773c"
				},
				{
					"type": "feature",
					"left": 442,
					"top": 259,
					"nodeId": "5cb04c2f3906cd001a7dfa81",
					"text": "Checkout",
					"config": {
						"showMenu": false
					},
					"plumbConfig": {
						"behaviour": "feature",
						"source": true,
						"target": true
					},
					"id": "54ee7756-7aee-4681-98af-405351ada29f"
				},
				{
					"decisionExpressions": [
						{
							"position": 0,
							"decisionExpressionId": "5cc01c451f059b001ad11845"
						},
						{
							"position": 9.007199254740991e+15,
							"decisionExpressionId": "default-else"
						}
					],
					"id": "1556093952403",
					"type": "decision",
					"left": 90,
					"top": 411,
					"nodeId": "1556093952403",
					"text": "Decision",
					"config": {
						"showMenu": false
					},
					"plumbConfig": {
						"behaviour": "decision",
						"source": true,
						"target": true
					}
				},
				{
					"type": "feature",
					"left": 474,
					"top": 396,
					"nodeId": "5cb4208c793a6a001a66567c",
					"text": "CognitiveScore",
					"config": {
						"showMenu": false
					},
					"plumbConfig": {
						"behaviour": "feature",
						"source": true,
						"target": true
					},
					"id": "a47b9839-cb45-4750-ae09-7590c4ee359f"
				},
				{
					"type": "feature",
					"left": 453,
					"top": 480,
					"nodeId": "5cb084e33906cd001a7dfd2c",
					"text": "Payment",
					"config": {
						"showMenu": false
					},
					"plumbConfig": {
						"behaviour": "feature",
						"source": true,
						"target": true
					},
					"id": "15118193-901e-4f74-b77a-49f177e46fbf"
				},
				{
					"type": "feature",
					"left": 469,
					"top": 592,
					"nodeId": "5cb4597a793a6a001a665d57",
					"text": "OrderConfirm",
					"config": {
						"showMenu": false
					},
					"plumbConfig": {
						"behaviour": "feature",
						"source": true,
						"target": true
					},
					"id": "264d4d80-8f47-4134-97dd-5a19d5a3073a"
				}
			],
			"ports": [
				{
					"id": "98b471f8-6743-455f-add9-c0fe9963a618.source",
					"type": "featureSource"
				},
				{
					"id": "98b471f8-6743-455f-add9-c0fe9963a618.target",
					"type": "featureTarget"
				},
				{
					"id": "f0b2b8d8-3266-4d82-a63e-4a884a2029b8.source",
					"type": "featureSource"
				},
				{
					"id": "f0b2b8d8-3266-4d82-a63e-4a884a2029b8.target",
					"type": "featureTarget"
				},
				{
					"id": "53d214a8-39cc-43df-b92e-ed4ca41f773c.source",
					"type": "featureSource"
				},
				{
					"id": "53d214a8-39cc-43df-b92e-ed4ca41f773c.target",
					"type": "featureTarget"
				},
				{
					"id": "54ee7756-7aee-4681-98af-405351ada29f.source",
					"type": "featureSource"
				},
				{
					"id": "54ee7756-7aee-4681-98af-405351ada29f.target",
					"type": "featureTarget"
				},
				{
					"id": "1556093952403.9007199254740991",
					"type": "decisionSource"
				},
				{
					"id": "1556093952403.target",
					"type": "decisionTarget"
				},
				{
					"id": "1556093952403.0",
					"type": "decisionSource"
				},
				{
					"id": "a47b9839-cb45-4750-ae09-7590c4ee359f.source",
					"type": "featureSource"
				},
				{
					"id": "a47b9839-cb45-4750-ae09-7590c4ee359f.target",
					"type": "featureTarget"
				},
				{
					"id": "15118193-901e-4f74-b77a-49f177e46fbf.source",
					"type": "featureSource"
				},
				{
					"id": "15118193-901e-4f74-b77a-49f177e46fbf.target",
					"type": "featureTarget"
				},
				{
					"id": "264d4d80-8f47-4134-97dd-5a19d5a3073a.source",
					"type": "featureSource"
				},
				{
					"id": "264d4d80-8f47-4134-97dd-5a19d5a3073a.target",
					"type": "featureTarget"
				}
			],
			"edges": [
				{
					"source": "98b471f8-6743-455f-add9-c0fe9963a618.source",
					"target": "f0b2b8d8-3266-4d82-a63e-4a884a2029b8.target",
					"data": {
						"id": "861dfdbb-071d-4cfc-9465-4ab1eb5ca475",
						"type": "featureEdge"
					}
				},
				{
					"source": "f0b2b8d8-3266-4d82-a63e-4a884a2029b8.source",
					"target": "53d214a8-39cc-43df-b92e-ed4ca41f773c.target",
					"data": {
						"id": "b8615d85-93b3-41a7-b80e-b1d6ee05b359",
						"type": "featureEdge"
					}
				},
				{
					"source": "53d214a8-39cc-43df-b92e-ed4ca41f773c.source",
					"target": "54ee7756-7aee-4681-98af-405351ada29f.target",
					"data": {
						"id": "daf9eb0f-ef74-42d0-83bc-914b2197dcb9",
						"type": "featureEdge"
					}
				},
				{
					"source": "54ee7756-7aee-4681-98af-405351ada29f.source",
					"target": "1556093952403.target",
					"data": {
						"id": "c807df7c-3dda-4689-a47f-e2fe52b31354",
						"type": "featureEdge"
					}
				},
				{
					"source": "1556093952403.9007199254740991",
					"target": "15118193-901e-4f74-b77a-49f177e46fbf.target",
					"data": {
						"id": "6fdf8cb0-678d-4b63-b4e8-7a7c6125b58b",
						"type": "decisionEdge"
					}
				},
				{
					"source": "1556093952403.0",
					"target": "a47b9839-cb45-4750-ae09-7590c4ee359f.target",
					"data": {
						"id": "0cd5361f-7610-45f0-b88a-fcf96e325c7a",
						"type": "decisionEdge"
					}
				},
				{
					"source": "a47b9839-cb45-4750-ae09-7590c4ee359f.source",
					"target": "15118193-901e-4f74-b77a-49f177e46fbf.target",
					"data": {
						"id": "09a0db8b-9a20-4bc3-9e4c-6c797eeba388",
						"type": "featureEdge"
					}
				},
				{
					"source": "15118193-901e-4f74-b77a-49f177e46fbf.source",
					"target": "264d4d80-8f47-4134-97dd-5a19d5a3073a.target",
					"data": {
						"id": "01d71d78-b350-4391-b1f7-4bdd92659e62",
						"type": "featureEdge"
					}
				}
			],
			"groups": []
		},
		"5cb5904f793a6a001a66679c": {
			"nodes": [
				{
					"type": "feature",
					"left": 104,
					"top": 96,
					"nodeId": "5caca7533906cd001a7de4d9",
					"text": "AppFlowController",
					"config": {
						"showMenu": false
					},
					"plumbConfig": {
						"behaviour": "start",
						"source": true,
						"target": false
					},
					"id": "bbddcf98-bba4-40cd-81ca-9efea256bddf"
				},
				{
					"type": "feature",
					"left": 101,
					"top": 251,
					"nodeId": "5cb47796793a6a001a665f2a",
					"text": "Shopping",
					"config": {
						"showMenu": false
					},
					"plumbConfig": {
						"behaviour": "feature",
						"source": true,
						"target": true
					},
					"id": "fb5291fb-21c0-4d58-aea2-13939fc15bdb"
				},
				{
					"type": "feature",
					"left": 105,
					"top": 169,
					"nodeId": "5cc015f5793a6a001a668727",
					"text": "MarketPlace",
					"config": {
						"showMenu": false
					},
					"plumbConfig": {
						"behaviour": "feature",
						"source": true,
						"target": true
					},
					"id": "4c8d3d63-da80-440a-ace9-3ed75496ab23"
				},
				{
					"decisionExpressions": [
						{
							"position": 0,
							"decisionExpressionId": "5cc2ad461f059b001ad1205d"
						},
						{
							"position": 9.007199254740991e+15,
							"decisionExpressionId": "default-else"
						}
					],
					"id": "1556262096186",
					"type": "decision",
					"left": 104,
					"top": 342,
					"nodeId": "1556262096186",
					"text": "Decision",
					"config": {
						"showMenu": false
					},
					"plumbConfig": {
						"behaviour": "decision",
						"source": true,
						"target": true
					}
				},
				{
					"type": "feature",
					"left": 437,
					"top": 184,
					"nodeId": "5cb04c2f3906cd001a7dfa81",
					"text": "Checkout",
					"config": {
						"showMenu": false
					},
					"plumbConfig": {
						"behaviour": "feature",
						"source": true,
						"target": true
					},
					"id": "aa05a2e3-a04b-4e19-a927-2a272e7add53"
				},
				{
					"type": "feature",
					"left": 442,
					"top": 267,
					"nodeId": "5cb4208c793a6a001a66567c",
					"text": "CognitiveScore",
					"config": {
						"showMenu": false
					},
					"plumbConfig": {
						"behaviour": "feature",
						"source": true,
						"target": true
					},
					"id": "cf461e6a-25dc-49d2-a5d1-2a67edf8de17"
				},
				{
					"type": "feature",
					"left": 438,
					"top": 357,
					"nodeId": "5cb084e33906cd001a7dfd2c",
					"text": "Payment",
					"config": {
						"showMenu": false
					},
					"plumbConfig": {
						"behaviour": "feature",
						"source": true,
						"target": true
					},
					"id": "9f389d0e-1408-44ce-b251-229feea26538"
				},
				{
					"type": "feature",
					"left": 438,
					"top": 429,
					"nodeId": "5cb4597a793a6a001a665d57",
					"text": "OrderConfirm",
					"config": {
						"showMenu": false
					},
					"plumbConfig": {
						"behaviour": "feature",
						"source": true,
						"target": true
					},
					"id": "a4846183-0f42-4ce2-a783-bcb9b3aa4fc3"
				}
			],
			"ports": [
				{
					"id": "bbddcf98-bba4-40cd-81ca-9efea256bddf.source",
					"type": "featureSource"
				},
				{
					"id": "bbddcf98-bba4-40cd-81ca-9efea256bddf.target",
					"type": "featureTarget"
				},
				{
					"id": "fb5291fb-21c0-4d58-aea2-13939fc15bdb.source",
					"type": "featureSource"
				},
				{
					"id": "fb5291fb-21c0-4d58-aea2-13939fc15bdb.target",
					"type": "featureTarget"
				},
				{
					"id": "4c8d3d63-da80-440a-ace9-3ed75496ab23.source",
					"type": "featureSource"
				},
				{
					"id": "4c8d3d63-da80-440a-ace9-3ed75496ab23.target",
					"type": "featureTarget"
				},
				{
					"id": "1556262096186.9007199254740991",
					"type": "decisionSource"
				},
				{
					"id": "1556262096186.target",
					"type": "decisionTarget"
				},
				{
					"id": "1556262096186.0",
					"type": "decisionSource"
				},
				{
					"id": "aa05a2e3-a04b-4e19-a927-2a272e7add53.source",
					"type": "featureSource"
				},
				{
					"id": "aa05a2e3-a04b-4e19-a927-2a272e7add53.target",
					"type": "featureTarget"
				},
				{
					"id": "cf461e6a-25dc-49d2-a5d1-2a67edf8de17.source",
					"type": "featureSource"
				},
				{
					"id": "cf461e6a-25dc-49d2-a5d1-2a67edf8de17.target",
					"type": "featureTarget"
				},
				{
					"id": "9f389d0e-1408-44ce-b251-229feea26538.source",
					"type": "featureSource"
				},
				{
					"id": "9f389d0e-1408-44ce-b251-229feea26538.target",
					"type": "featureTarget"
				},
				{
					"id": "a4846183-0f42-4ce2-a783-bcb9b3aa4fc3.source",
					"type": "featureSource"
				},
				{
					"id": "a4846183-0f42-4ce2-a783-bcb9b3aa4fc3.target",
					"type": "featureTarget"
				}
			],
			"edges": [
				{
					"source": "bbddcf98-bba4-40cd-81ca-9efea256bddf.source",
					"target": "4c8d3d63-da80-440a-ace9-3ed75496ab23.target",
					"data": {
						"id": "30703186-b6af-432c-98d2-b9939a2a9a58",
						"type": "featureEdge"
					}
				},
				{
					"source": "fb5291fb-21c0-4d58-aea2-13939fc15bdb.source",
					"target": "aa05a2e3-a04b-4e19-a927-2a272e7add53.target",
					"data": {
						"id": "eca01709-2cc3-47e7-9415-e5e65ddd927f",
						"type": "featureEdge"
					}
				},
				{
					"source": "4c8d3d63-da80-440a-ace9-3ed75496ab23.source",
					"target": "fb5291fb-21c0-4d58-aea2-13939fc15bdb.target",
					"data": {
						"id": "48211f76-59e9-459b-995e-32991286f08c",
						"type": "featureEdge"
					}
				},
				{
					"source": "1556262096186.9007199254740991",
					"target": "9f389d0e-1408-44ce-b251-229feea26538.target",
					"data": {
						"id": "7fce3776-9564-49f5-93c9-0fe15077f74d",
						"type": "decisionEdge"
					}
				},
				{
					"source": "1556262096186.0",
					"target": "cf461e6a-25dc-49d2-a5d1-2a67edf8de17.target",
					"data": {
						"id": "8277505d-66c2-4fbf-9453-3db838395b64",
						"type": "decisionEdge"
					}
				},
				{
					"source": "aa05a2e3-a04b-4e19-a927-2a272e7add53.source",
					"target": "1556262096186.target",
					"data": {
						"id": "1d9b9bda-4fd7-4c5d-9a3c-30acfd7e80bf",
						"type": "featureEdge"
					}
				},
				{
					"source": "cf461e6a-25dc-49d2-a5d1-2a67edf8de17.source",
					"target": "9f389d0e-1408-44ce-b251-229feea26538.target",
					"data": {
						"id": "bfb95d1a-ce4d-4adf-bb52-4a8dae0aaa9c",
						"type": "featureEdge"
					}
				},
				{
					"source": "9f389d0e-1408-44ce-b251-229feea26538.source",
					"target": "a4846183-0f42-4ce2-a783-bcb9b3aa4fc3.target",
					"data": {
						"id": "fdffe0b4-38cb-4dc3-a1d0-bb9fcd4b5811",
						"type": "featureEdge"
					}
				}
			],
			"groups": []
		},
		"5cdea91dbcc8dd001a5e4679": {
			"nodes": [
				{
					"type": "feature",
					"left": 48,
					"top": 52,
					"nodeId": "5caca7533906cd001a7de4d9",
					"text": "AppFlowController",
					"config": {
						"showMenu": false
					},
					"plumbConfig": {
						"behaviour": "start",
						"source": true,
						"target": false
					},
					"id": "eda1a8d5-7723-48ab-a6f3-1e25b9a391f9"
				},
				{
					"type": "feature",
					"left": 107,
					"top": 155,
					"nodeId": "5cc015f5793a6a001a668727",
					"text": "MarketPlace",
					"config": {
						"showMenu": false
					},
					"plumbConfig": {
						"behaviour": "feature",
						"source": true,
						"target": true
					},
					"id": "2f9b6e4e-af41-482b-87fb-585e8e64c197"
				},
				{
					"type": "feature",
					"left": 140,
					"top": 270,
					"nodeId": "5cb47796793a6a001a665f2a",
					"text": "Shopping",
					"config": {
						"showMenu": false
					},
					"plumbConfig": {
						"behaviour": "feature",
						"source": true,
						"target": true
					},
					"id": "016115d6-4818-4723-bc7e-aa51fc56fcb3"
				},
				{
					"type": "feature",
					"left": 193,
					"top": 366,
					"nodeId": "5cb04c2f3906cd001a7dfa81",
					"text": "Checkout",
					"config": {
						"showMenu": false
					},
					"plumbConfig": {
						"behaviour": "feature",
						"source": true,
						"target": true
					},
					"id": "f9531a04-686f-4705-9b40-b19a885c1ad4"
				},
				{
					"decisionExpressions": [
						{
							"position": 0,
							"decisionExpressionId": "5d41aea3793936001a65facf"
						},
						{
							"position": 9.007199254740991e+15,
							"decisionExpressionId": "default-else"
						}
					],
					"id": "1564585468445",
					"type": "decision",
					"left": 314,
					"top": 475,
					"nodeId": "1564585468445",
					"text": "Decision",
					"config": {
						"showMenu": false
					},
					"plumbConfig": {
						"behaviour": "decision",
						"source": true,
						"target": true
					}
				},
				{
					"type": "feature",
					"left": 723,
					"top": 182,
					"nodeId": "5cb4208c793a6a001a66567c",
					"text": "CognitiveScore",
					"config": {
						"showMenu": false
					},
					"plumbConfig": {
						"behaviour": "feature",
						"source": true,
						"target": true
					},
					"id": "35d881a0-d790-4f0b-8cc4-73eb0df35809"
				},
				{
					"type": "feature",
					"left": 775,
					"top": 313,
					"nodeId": "5cb084e33906cd001a7dfd2c",
					"text": "Payment",
					"config": {
						"showMenu": false
					},
					"plumbConfig": {
						"behaviour": "feature",
						"source": true,
						"target": true
					},
					"id": "9bff61e0-78fb-49e9-8db6-8bd827ab501e"
				},
				{
					"type": "feature",
					"left": 860,
					"top": 450,
					"nodeId": "5cb4597a793a6a001a665d57",
					"text": "OrderConfirm",
					"config": {
						"showMenu": false
					},
					"plumbConfig": {
						"behaviour": "feature",
						"source": true,
						"target": true
					},
					"id": "c2662684-ec74-4bd1-a800-f40d70af035a"
				}
			],
			"ports": [
				{
					"id": "eda1a8d5-7723-48ab-a6f3-1e25b9a391f9.source",
					"type": "featureSource"
				},
				{
					"id": "eda1a8d5-7723-48ab-a6f3-1e25b9a391f9.target",
					"type": "featureTarget"
				},
				{
					"id": "2f9b6e4e-af41-482b-87fb-585e8e64c197.source",
					"type": "featureSource"
				},
				{
					"id": "2f9b6e4e-af41-482b-87fb-585e8e64c197.target",
					"type": "featureTarget"
				},
				{
					"id": "016115d6-4818-4723-bc7e-aa51fc56fcb3.source",
					"type": "featureSource"
				},
				{
					"id": "016115d6-4818-4723-bc7e-aa51fc56fcb3.target",
					"type": "featureTarget"
				},
				{
					"id": "f9531a04-686f-4705-9b40-b19a885c1ad4.source",
					"type": "featureSource"
				},
				{
					"id": "f9531a04-686f-4705-9b40-b19a885c1ad4.target",
					"type": "featureTarget"
				},
				{
					"id": "1564585468445.9007199254740991",
					"type": "decisionSource"
				},
				{
					"id": "1564585468445.target",
					"type": "decisionTarget"
				},
				{
					"id": "1564585468445.0",
					"type": "decisionSource"
				},
				{
					"id": "35d881a0-d790-4f0b-8cc4-73eb0df35809.source",
					"type": "featureSource"
				},
				{
					"id": "35d881a0-d790-4f0b-8cc4-73eb0df35809.target",
					"type": "featureTarget"
				},
				{
					"id": "9bff61e0-78fb-49e9-8db6-8bd827ab501e.source",
					"type": "featureSource"
				},
				{
					"id": "9bff61e0-78fb-49e9-8db6-8bd827ab501e.target",
					"type": "featureTarget"
				},
				{
					"id": "c2662684-ec74-4bd1-a800-f40d70af035a.source",
					"type": "featureSource"
				},
				{
					"id": "c2662684-ec74-4bd1-a800-f40d70af035a.target",
					"type": "featureTarget"
				}
			],
			"edges": [
				{
					"source": "eda1a8d5-7723-48ab-a6f3-1e25b9a391f9.source",
					"target": "2f9b6e4e-af41-482b-87fb-585e8e64c197.target",
					"data": {
						"id": "3fee24d8-8cf1-4a9b-93a0-045e233a9116",
						"type": "featureEdge"
					}
				},
				{
					"source": "2f9b6e4e-af41-482b-87fb-585e8e64c197.source",
					"target": "016115d6-4818-4723-bc7e-aa51fc56fcb3.target",
					"data": {
						"id": "6cb73142-ef04-4167-ac0f-eae7441420cf",
						"type": "featureEdge"
					}
				},
				{
					"source": "016115d6-4818-4723-bc7e-aa51fc56fcb3.source",
					"target": "f9531a04-686f-4705-9b40-b19a885c1ad4.target",
					"data": {
						"id": "6fd176ad-c731-4a9d-9f7b-3387f374ec0c",
						"type": "featureEdge"
					}
				},
				{
					"source": "f9531a04-686f-4705-9b40-b19a885c1ad4.source",
					"target": "1564585468445.target",
					"data": {
						"id": "86859038-44e3-4fc2-86a2-99ec6488bd23",
						"type": "featureEdge"
					}
				},
				{
					"source": "1564585468445.9007199254740991",
					"target": "9bff61e0-78fb-49e9-8db6-8bd827ab501e.target",
					"data": {
						"id": "28b34ed9-f549-465a-9f5a-fbdf92d316b1",
						"type": "decisionEdge"
					}
				},
				{
					"source": "1564585468445.0",
					"target": "35d881a0-d790-4f0b-8cc4-73eb0df35809.target",
					"data": {
						"id": "eb4a4c3f-2469-4d54-b8f2-1fd335c66f39",
						"type": "decisionEdge"
					}
				},
				{
					"source": "35d881a0-d790-4f0b-8cc4-73eb0df35809.source",
					"target": "9bff61e0-78fb-49e9-8db6-8bd827ab501e.target",
					"data": {
						"id": "7ff5845d-d4d8-4dca-8a6c-b846659112cb",
						"type": "featureEdge"
					}
				},
				{
					"source": "9bff61e0-78fb-49e9-8db6-8bd827ab501e.source",
					"target": "c2662684-ec74-4bd1-a800-f40d70af035a.target",
					"data": {
						"id": "7b222702-9073-4498-afd0-978db5e12d2b",
						"type": "featureEdge"
					}
				}
			],
			"groups": []
		}
	},
	"name": "market",
	"description": "",
	"createdAt": {
		"$date": "2019-04-24T08:17:56.619Z"
	},
	"updatedAt": {
		"$date": "2019-07-31T15:07:16.430Z"
	},
	"__v": 0
}]

