[{
	"_id": {
		"$oid": "5caeeddd3906cd001a7df699"
	},
	"httpProtocol": "HTTPS",
	"serviceProviderId": "5cadbd753906cd001a7def8c",
	"name": "Avalara",
	"requestType": "REST",
	"responseTimeoutMilliseconds": 5,
	"maxConnections": 100,
	"basicAuthenticationId": "5cadd7e83906cd001a7df29e",
	"invocations": [
		{
			"requestSchema": "JSON",
			"responseSchema": "JSON",
			"httpMethod": "POST",
			"pattern": "SYNC",
			"_id": {
				"$oid": "5caeedec3906cd001a7df69e"
			},
			"name": "Address",
			"endpointId": "5cadbe233906cd001a7defb7",
			"createdAt": {
				"$date": "2019-04-18T08:18:21.824Z"
			},
			"updatedAt": {
				"$date": "2019-04-18T08:18:21.824Z"
			}
		},
		{
			"requestSchema": "JSON",
			"responseSchema": "JSON",
			"httpMethod": "POST",
			"pattern": "SYNC",
			"_id": {
				"$oid": "5caeedfe3906cd001a7df6a0"
			},
			"name": "CalculateTax",
			"endpointId": "5caddf893906cd001a7df310",
			"createdAt": {
				"$date": "2019-04-18T08:18:21.824Z"
			},
			"updatedAt": {
				"$date": "2019-04-18T08:18:21.824Z"
			}
		}
	],
	"createdAt": {
		"$date": "2019-04-11T07:33:49.307Z"
	},
	"updatedAt": {
		"$date": "2019-04-18T08:18:21.824Z"
	},
	"__v": 1
},
{
	"_id": {
		"$oid": "5caf17203906cd001a7df82e"
	},
	"httpProtocol": "HTTPS",
	"serviceProviderId": "5caf16ae3906cd001a7df82a",
	"name": "VestaService",
	"requestType": "REST",
	"responseTimeoutMilliseconds": 5,
	"maxConnections": 100,
	"basicAuthenticationId": "5caf178a3906cd001a7df82f",
	"invocations": [
		{
			"requestSchema": "JSON",
			"responseSchema": "JSON",
			"httpMethod": "POST",
			"pattern": "SYNC",
			"_id": {
				"$oid": "5caf17b33906cd001a7df830"
			},
			"name": "GetSessionTags",
			"endpointId": "5caf16df3906cd001a7df82c",
			"createdAt": {
				"$date": "2019-04-18T08:18:21.822Z"
			},
			"updatedAt": {
				"$date": "2019-04-18T08:18:21.822Z"
			}
		},
		{
			"requestSchema": "JSON",
			"responseSchema": "JSON",
			"httpMethod": "POST",
			"pattern": "SYNC",
			"_id": {
				"$oid": "5caf17c43906cd001a7df833"
			},
			"name": "ChargePayment",
			"endpointId": "5caf170b3906cd001a7df82d",
			"createdAt": {
				"$date": "2019-04-18T08:18:21.822Z"
			},
			"updatedAt": {
				"$date": "2019-04-18T08:18:21.822Z"
			}
		}
	],
	"createdAt": {
		"$date": "2019-04-11T10:29:52.642Z"
	},
	"updatedAt": {
		"$date": "2019-04-18T08:18:21.822Z"
	},
	"__v": 1
},
{
	"_id": {
		"$oid": "5cb092713906cd001a7dfd7e"
	},
	"httpProtocol": "HTTPS",
	"serviceProviderId": "5cb092283906cd001a7dfd7b",
	"name": "DecoodaService",
	"requestType": "REST",
	"responseTimeoutMilliseconds": 5,
	"maxConnections": 100,
	"basicAuthenticationId": "5cb092ce3906cd001a7dfd82",
	"invocations": [
		{
			"requestSchema": "JSON",
			"responseSchema": "JSON",
			"httpMethod": "POST",
			"pattern": "SYNC",
			"_id": {
				"$oid": "5cb092f13906cd001a7dfd83"
			},
			"name": "authToken",
			"endpointId": "5cb0924f3906cd001a7dfd7d",
			"createdAt": {
				"$date": "2019-07-05T12:36:30.549Z"
			},
			"updatedAt": {
				"$date": "2019-07-05T12:36:30.549Z"
			}
		},
		{
			"requestSchema": "JSON",
			"responseSchema": "JSON",
			"httpMethod": "POST",
			"pattern": "SYNC",
			"_id": {
				"$oid": "5cb0932e3906cd001a7dfd86"
			},
			"name": "scores",
			"endpointId": "5cb0930e3906cd001a7dfd84",
			"createdAt": {
				"$date": "2019-07-05T12:36:30.549Z"
			},
			"updatedAt": {
				"$date": "2019-07-05T12:36:30.549Z"
			}
		}
	],
	"createdAt": {
		"$date": "2019-04-12T13:28:17.317Z"
	},
	"updatedAt": {
		"$date": "2019-04-18T08:18:21.816Z"
	},
	"__v": 1
},
{
	"_id": {
		"$oid": "5cb44382793a6a001a665b9a"
	},
	"httpProtocol": "HTTPS",
	"serviceProviderId": "5cb44260793a6a001a665b59",
	"name": "SNCR_Internal",
	"requestType": "REST",
	"responseTimeoutMilliseconds": 100,
	"maxConnections": 10,
	"basicAuthenticationId": null,
	"invocations": [
		{
			"requestSchema": "JSON",
			"responseSchema": "JSON",
			"httpMethod": "POST",
			"pattern": "SYNC",
			"_id": {
				"$oid": "5cb443aa793a6a001a665ba1"
			},
			"name": "serviceQual",
			"endpointId": "5cb442fb793a6a001a665b7d",
			"createdAt": {
				"$date": "2019-04-18T08:18:21.907Z"
			},
			"updatedAt": {
				"$date": "2019-04-18T08:18:21.907Z"
			}
		},
		{
			"requestSchema": "JSON",
			"responseSchema": "JSON",
			"httpMethod": "POST",
			"pattern": "SYNC",
			"_id": {
				"$oid": "5cb4461f793a6a001a665c04"
			},
			"name": "creditCheck",
			"endpointId": "5cb442fb793a6a001a665b7d",
			"createdAt": {
				"$date": "2019-04-18T08:18:21.907Z"
			},
			"updatedAt": {
				"$date": "2019-04-18T08:18:21.907Z"
			}
		},
		{
			"requestSchema": "JSON",
			"responseSchema": "JSON",
			"httpMethod": "POST",
			"pattern": "SYNC",
			"_id": {
				"$oid": "5cb44710793a6a001a665c30"
			},
			"name": "Order",
			"endpointId": "5cb442fb793a6a001a665b7d",
			"createdAt": {
				"$date": "2019-04-18T08:18:21.907Z"
			},
			"updatedAt": {
				"$date": "2019-04-18T08:18:21.907Z"
			}
		},
		{
			"requestSchema": "JSON",
			"responseSchema": "JSON",
			"httpMethod": "POST",
			"pattern": "SYNC",
			"_id": {
				"$oid": "5cb4479b793a6a001a665c66"
			},
			"name": "Inventory",
			"endpointId": "5cb442fb793a6a001a665b7d",
			"createdAt": {
				"$date": "2019-04-18T08:18:21.908Z"
			},
			"updatedAt": {
				"$date": "2019-04-18T08:18:21.908Z"
			}
		},
		{
			"requestSchema": "JSON",
			"responseSchema": "JSON",
			"httpMethod": "POST",
			"pattern": "SYNC",
			"_id": {
				"$oid": "5cb44862793a6a001a665c98"
			},
			"name": "rateplan",
			"endpointId": "5cb442fb793a6a001a665b7d",
			"createdAt": {
				"$date": "2019-04-18T08:18:21.908Z"
			},
			"updatedAt": {
				"$date": "2019-04-18T08:18:21.908Z"
			}
		},
		{
			"requestSchema": "JSON",
			"responseSchema": "JSON",
			"httpMethod": "POST",
			"pattern": "SYNC",
			"_id": {
				"$oid": "5cb44dc5793a6a001a665cee"
			},
			"name": "wireless",
			"endpointId": "5cb442fb793a6a001a665b7d",
			"createdAt": {
				"$date": "2019-04-18T08:18:21.908Z"
			},
			"updatedAt": {
				"$date": "2019-04-18T08:18:21.908Z"
			}
		},
		{
			"requestSchema": "JSON",
			"responseSchema": "JSON",
			"httpMethod": "POST",
			"pattern": "SYNC",
			"_id": {
				"$oid": "5cb44e29793a6a001a665cfc"
			},
			"name": "marketplace",
			"endpointId": "5cb442fb793a6a001a665b7d",
			"createdAt": {
				"$date": "2019-04-18T08:18:21.908Z"
			},
			"updatedAt": {
				"$date": "2019-04-18T08:18:21.908Z"
			}
		}
	],
	"createdAt": {
		"$date": "2019-04-15T08:40:34.934Z"
	},
	"updatedAt": {
		"$date": "2019-04-18T08:18:21.908Z"
	},
	"__v": 1
},
{
	"_id": {
		"$oid": "5cb8339f793a6a001a667c93"
	},
	"httpProtocol": "HTTPS",
	"serviceProviderId": "5cb832f3793a6a001a667c90",
	"name": "getDevices",
	"requestType": "REST",
	"responseTimeoutMilliseconds": 10,
	"maxConnections": 100,
	"basicAuthenticationId": null,
	"invocations": [
		{
			"requestSchema": "JSON",
			"responseSchema": "JSON",
			"httpMethod": "GET",
			"pattern": "SYNC",
			"_id": {
				"$oid": "5cb83422793a6a001a667c94"
			},
			"name": "getDeviceList",
			"endpointId": "5cb83356793a6a001a667c92"
		}
	],
	"createdAt": {
		"$date": "2019-04-18T08:21:51.624Z"
	},
	"updatedAt": {
		"$date": "2019-04-18T08:21:51.624Z"
	},
	"__v": 0
},
{
	"_id": {
		"$oid": "5cde6a4afc21d0001a1ec74a"
	},
	"httpProtocol": "HTTPS",
	"serviceProviderId": "5cde628bfc21d0001a1ec71f",
	"name": "TwilioService",
	"requestType": "REST",
	"responseTimeoutMilliseconds": 5,
	"maxConnections": 100,
	"basicAuthenticationId": null,
	"invocations": [
		{
			"requestSchema": "JSON",
			"responseSchema": "JSON",
			"httpMethod": "POST",
			"pattern": "SYNC",
			"_id": {
				"$oid": "5cde6babfc21d0001a1ec75e"
			},
			"name": "sendSms",
			"endpointId": "5cde6b7efc21d0001a1ec75d"
		}
	],
	"createdAt": {
		"$date": "2019-05-17T08:01:14.693Z"
	},
	"updatedAt": {
		"$date": "2019-05-17T08:01:14.693Z"
	},
	"__v": 0
}]

